-- phpMyAdmin SQL Dump
-- version 4.6.6deb5ubuntu0.5
-- https://www.phpmyadmin.net/
--
-- Host: localhost:3306
-- Generation Time: Jun 27, 2024 at 06:12 PM
-- Server version: 5.7.42-0ubuntu0.18.04.1
-- PHP Version: 7.2.24-0ubuntu0.18.04.17

SET SQL_MODE = "NO_AUTO_VALUE_ON_ZERO";
SET time_zone = "+00:00";


/*!40101 SET @OLD_CHARACTER_SET_CLIENT=@@CHARACTER_SET_CLIENT */;
/*!40101 SET @OLD_CHARACTER_SET_RESULTS=@@CHARACTER_SET_RESULTS */;
/*!40101 SET @OLD_COLLATION_CONNECTION=@@COLLATION_CONNECTION */;
/*!40101 SET NAMES utf8mb4 */;

--
-- Database: `realtor`
--

-- --------------------------------------------------------

--
-- Table structure for table `admin_timing`
--

CREATE TABLE `admin_timing` (
  `id` int(11) NOT NULL,
  `user_id` int(11) NOT NULL,
  `start_time` time NOT NULL,
  `end_time` time NOT NULL,
  `createdAt` timestamp NOT NULL DEFAULT CURRENT_TIMESTAMP,
  `updatedAt` timestamp NOT NULL DEFAULT CURRENT_TIMESTAMP ON UPDATE CURRENT_TIMESTAMP
) ENGINE=InnoDB DEFAULT CHARSET=latin1;

--
-- Dumping data for table `admin_timing`
--

INSERT INTO `admin_timing` (`id`, `user_id`, `start_time`, `end_time`, `createdAt`, `updatedAt`) VALUES
(1, 1, '11:31:00', '19:31:00', '2024-01-18 10:53:32', '2024-03-05 06:47:34');

-- --------------------------------------------------------

--
-- Table structure for table `cards`
--

CREATE TABLE `cards` (
  `id` int(11) NOT NULL,
  `user_id` int(11) NOT NULL,
  `card_number` varchar(255) NOT NULL,
  `card_holder_name` varchar(255) NOT NULL,
  `expiration_date` date NOT NULL,
  `cvv` int(11) NOT NULL,
  `createdAt` timestamp NOT NULL DEFAULT CURRENT_TIMESTAMP,
  `updatedAt` timestamp NOT NULL DEFAULT CURRENT_TIMESTAMP ON UPDATE CURRENT_TIMESTAMP,
  `deletedAt` timestamp NULL DEFAULT NULL
) ENGINE=InnoDB DEFAULT CHARSET=latin1;

--
-- Dumping data for table `cards`
--

INSERT INTO `cards` (`id`, `user_id`, `card_number`, `card_holder_name`, `expiration_date`, `cvv`, `createdAt`, `updatedAt`, `deletedAt`) VALUES
(1, 7, '4000056655665556', 'Mastercard', '2030-11-01', 123, '2023-12-07 07:38:29', '2023-12-07 07:38:29', NULL),
(2, 7, '374245455400126', 'Mastercard', '2026-05-01', 123, '2023-12-07 07:54:32', '2023-12-07 07:54:32', NULL),
(3, 26, '9845612384561279', 'Avinash', '2024-12-01', 123, '2023-12-28 07:28:36', '2023-12-28 07:28:36', NULL),
(4, 26, '3423423423423423', 'avinash', '0000-00-00', 234, '2023-12-28 07:40:20', '2023-12-28 07:40:20', NULL),
(5, 26, '4178190181756412', 'Avinash', '0000-00-00', 543, '2023-12-28 07:56:12', '2023-12-28 07:56:12', NULL),
(6, 26, '5432165432154345', 'rewq', '0000-00-00', 654, '2023-12-28 08:01:03', '2023-12-28 08:01:03', NULL),
(7, 26, '1111111111111111', '1111', '2011-11-01', 111, '2024-01-02 05:59:53', '2024-01-02 05:59:53', NULL),
(8, 26, '2222222222222222', 'asdfgh', '0000-00-00', 222, '2024-01-02 06:00:16', '2024-01-02 06:00:16', NULL),
(9, 35, '8998889868688686', 'svjjvjgkg', '0000-00-00', 123, '2024-01-02 11:05:00', '2024-01-02 11:05:00', NULL),
(10, 35, '6886755468868666', 'chc', '0000-00-00', 123, '2024-01-02 11:05:17', '2024-01-02 11:05:17', NULL),
(11, 39, '98465123132566', 'vinash', '2022-12-01', 254, '2024-01-03 06:10:30', '2024-01-03 06:10:30', NULL),
(12, 39, '98367242342', 'Vikas', '0000-00-00', 423, '2024-01-03 06:10:47', '2024-01-03 06:10:47', NULL),
(13, 44, '9797667643649499', 'zbznz', '2058-12-01', 123, '2024-01-03 10:17:25', '2024-01-03 10:17:25', NULL),
(14, 28, '9874563216', 'Avinash', '2024-12-01', 758, '2024-01-03 12:27:09', '2024-01-03 12:27:09', NULL),
(15, 44, '9957575528282828', 'vvg', '0000-00-00', 123, '2024-01-03 13:26:24', '2024-01-03 13:26:24', NULL),
(16, 45, '8686687372333235', 'suzi', '2028-05-01', 123, '2024-01-04 06:25:44', '2024-01-04 06:25:44', NULL),
(17, 45, '8576766786837572', 'gh', '0000-00-00', 123, '2024-01-04 06:28:59', '2024-01-04 06:28:59', NULL),
(18, 46, '8688587525252886', 'gab', '0000-00-00', 123, '2024-01-04 08:10:29', '2024-01-04 08:10:29', NULL),
(19, 48, '8794656894513', 'Avinash', '2034-12-01', 123, '2024-01-05 05:39:57', '2024-01-05 05:39:57', NULL),
(20, 49, '9464956565856565', 'bab', '0000-00-00', 123, '2024-01-05 09:02:15', '2024-01-05 09:02:15', NULL),
(21, 53, '9883688536988666', 'nn', '0000-00-00', 123, '2024-01-05 09:46:08', '2024-01-05 09:46:08', NULL),
(22, 53, '8888888888888888', 'hhh', '0000-00-00', 123, '2024-01-05 09:47:05', '2024-01-05 09:47:05', NULL),
(23, 55, '8464664646464694', 'bob', '0000-00-00', 123, '2024-01-05 13:55:52', '2024-01-05 13:55:52', NULL),
(24, 34, '1231213554465464', 'dsad', '2024-12-01', 123, '2024-01-08 05:46:53', '2024-01-08 05:46:53', NULL),
(25, 56, '8683822828288282', 'tft', '0000-00-00', 586, '2024-01-08 09:18:35', '2024-01-08 09:18:35', NULL),
(26, 56, '8653586835355522', 'chdz', '0000-00-00', 228, '2024-01-08 09:24:58', '2024-01-08 09:24:58', NULL),
(27, 26, '987654321987', 'Avinash', '2035-12-01', 123, '2024-01-08 10:38:06', '2024-01-08 10:38:06', NULL),
(28, 57, '8464646466464436', 'mohan', '2045-12-01', 123, '2024-01-08 11:05:05', '2024-01-08 11:05:05', NULL),
(29, 58, '876464646466565', 'suyi', '2025-12-01', 123, '2024-01-08 11:57:12', '2024-01-08 11:57:12', NULL),
(30, 58, '6868686565654646', 'bxhx', '0000-00-00', 123, '2024-01-08 12:25:35', '2024-01-08 12:25:35', NULL),
(31, 61, '6465979797946565', 'gshd', '0000-00-00', 646, '2024-01-08 13:44:43', '2024-01-08 13:44:43', NULL),
(32, 62, '4964946499464646', 'boj', '0000-00-00', 546, '2024-01-09 05:14:24', '2024-01-09 05:14:24', NULL),
(33, 63, '646565656866868', 'hsh', '0000-00-00', 846, '2024-01-09 11:50:36', '2024-01-09 11:50:36', NULL),
(34, 63, '4664940494959959', 'vajs', '0000-00-00', 949, '2024-01-09 11:51:10', '2024-01-09 11:51:10', NULL),
(35, 67, '5464949494646678', 'gshhs', '0000-00-00', 123, '2024-01-09 13:18:41', '2024-01-09 13:18:41', NULL),
(36, 68, '8797646646469497', 'vshs', '2068-12-01', 123, '2024-01-09 13:44:38', '2024-01-09 13:44:38', NULL),
(37, 69, '8797979979797997', 'vzbz', '0000-00-00', 579, '2024-01-09 13:59:59', '2024-01-09 13:59:59', NULL),
(38, 69, '879797949956565', 'bzjs', '0000-00-00', 546, '2024-01-09 14:07:35', '2024-01-09 14:07:35', NULL);

-- --------------------------------------------------------

--
-- Table structure for table `chats`
--

CREATE TABLE `chats` (
  `id` int(11) NOT NULL,
  `constant_Id` int(11) NOT NULL,
  `sender_id` int(11) NOT NULL,
  `reciver_id` int(11) NOT NULL,
  `message` text NOT NULL,
  `type` tinyint(2) NOT NULL COMMENT '1: Normal msg, 2: Images, 3: Videos',
  `is_read` tinyint(2) NOT NULL DEFAULT '0' COMMENT '0: Unraed, 1: Read',
  `createdAt` timestamp NOT NULL DEFAULT CURRENT_TIMESTAMP,
  `updatedAt` timestamp NOT NULL DEFAULT CURRENT_TIMESTAMP ON UPDATE CURRENT_TIMESTAMP,
  `deletedAt` timestamp NULL DEFAULT NULL
) ENGINE=InnoDB DEFAULT CHARSET=latin1;

--
-- Dumping data for table `chats`
--

INSERT INTO `chats` (`id`, `constant_Id`, `sender_id`, `reciver_id`, `message`, `type`, `is_read`, `createdAt`, `updatedAt`, `deletedAt`) VALUES
(1, 1, 1, 2, 'Hello', 1, 0, '2024-01-02 07:08:58', '2024-01-02 07:08:58', NULL),
(2, 1, 1, 2, 'Hey', 1, 0, '2024-01-02 07:09:57', '2024-01-02 07:09:57', NULL),
(3, 1, 2, 1, 'fsdfds', 1, 1, '2024-01-02 07:12:05', '2024-04-04 07:42:16', NULL),
(4, 2, 34, 1, 'Hello', 1, 1, '2024-01-02 09:24:57', '2024-03-07 09:31:22', NULL),
(5, 2, 1, 34, 'Hello', 1, 0, '2024-01-02 09:30:34', '2024-01-02 09:30:34', NULL),
(6, 2, 1, 34, 'Hello', 1, 0, '2024-01-02 12:58:44', '2024-01-02 12:58:44', NULL),
(7, 2, 1, 34, 'dsad', 1, 0, '2024-01-02 12:59:54', '2024-01-02 12:59:54', NULL),
(8, 2, 1, 34, 'Hello', 1, 0, '2024-01-02 13:00:17', '2024-01-02 13:00:17', NULL),
(9, 2, 1, 34, '', 1, 0, '2024-01-02 13:00:20', '2024-01-02 13:00:20', NULL),
(10, 2, 1, 34, ' ', 1, 0, '2024-01-02 13:00:27', '2024-01-02 13:00:27', NULL),
(11, 2, 1, 34, 'Hello', 1, 0, '2024-01-02 13:00:50', '2024-01-02 13:00:50', NULL),
(12, 2, 34, 1, 'Hello', 1, 1, '2024-01-02 13:01:19', '2024-03-07 09:31:22', NULL),
(13, 2, 34, 1, 'adsfdsf', 1, 1, '2024-01-02 13:01:41', '2024-03-07 09:31:22', NULL),
(14, 2, 1, 34, 'adsfdsf', 1, 0, '2024-01-02 13:03:28', '2024-01-02 13:03:28', NULL),
(15, 2, 1, 34, 'adsfdsf', 1, 0, '2024-01-02 13:05:29', '2024-01-02 13:05:29', NULL),
(16, 2, 1, 34, 'adsfdsf', 1, 0, '2024-01-02 13:05:58', '2024-01-02 13:05:58', NULL),
(17, 2, 34, 1, 'Hello', 1, 1, '2024-01-02 13:13:18', '2024-03-07 09:31:22', NULL),
(18, 2, 34, 1, 'Heelo', 1, 1, '2024-01-02 13:32:21', '2024-03-07 09:31:22', NULL),
(19, 2, 34, 1, 'Moka chan', 1, 1, '2024-01-02 13:34:48', '2024-03-07 09:31:22', NULL),
(20, 2, 34, 1, 'hello', 1, 1, '2024-01-02 13:36:45', '2024-03-07 09:31:22', NULL),
(21, 2, 34, 1, 'Kllll', 1, 1, '2024-01-02 13:37:32', '2024-03-07 09:31:22', NULL),
(22, 2, 1, 34, 'hello kill', 1, 0, '2024-01-02 13:38:21', '2024-01-02 13:38:21', NULL),
(23, 2, 34, 1, 'kaisa hai bhai', 1, 1, '2024-01-02 13:38:44', '2024-03-07 09:31:22', NULL),
(24, 2, 34, 1, 'helllo', 1, 1, '2024-01-02 13:50:43', '2024-03-07 09:31:22', NULL),
(25, 2, 34, 1, 'Hello', 1, 1, '2024-01-02 13:56:55', '2024-03-07 09:31:22', NULL),
(26, 2, 34, 1, 'jsl', 1, 1, '2024-01-02 13:57:12', '2024-03-07 09:31:22', NULL),
(27, 2, 34, 1, 'Moka chan', 1, 1, '2024-01-02 13:59:28', '2024-03-07 09:31:22', NULL),
(28, 2, 34, 1, 'Hello', 1, 1, '2024-01-03 05:04:47', '2024-03-07 09:31:22', NULL),
(29, 3, 39, 1, 'hi', 1, 0, '2024-01-03 06:22:28', '2024-01-03 06:22:28', NULL),
(30, 3, 39, 1, 'Hello', 1, 0, '2024-01-03 06:22:53', '2024-01-03 06:22:53', NULL),
(31, 4, 44, 1, 'hello', 1, 1, '2024-01-03 10:16:38', '2024-03-08 09:33:37', NULL),
(32, 4, 44, 1, 'bdbdb', 1, 1, '2024-01-03 10:19:57', '2024-03-08 09:33:37', NULL),
(33, 4, 1, 44, 'bfgf', 1, 0, '2024-01-03 10:31:43', '2024-01-03 10:31:43', NULL),
(34, 4, 1, 44, 'fgdfg', 1, 0, '2024-01-03 10:31:51', '2024-01-03 10:31:51', NULL),
(35, 4, 1, 44, 'fg', 1, 0, '2024-01-03 10:31:56', '2024-01-03 10:31:56', NULL),
(36, 4, 1, 44, 'ggt', 1, 0, '2024-01-03 10:32:01', '2024-01-03 10:32:01', NULL),
(37, 4, 1, 44, 'getget', 1, 0, '2024-01-03 10:32:10', '2024-01-03 10:32:10', NULL),
(38, 3, 1, 39, 'ggr', 1, 0, '2024-01-03 10:32:23', '2024-01-03 10:32:23', NULL),
(39, 4, 1, 44, 'bcsdbc', 1, 0, '2024-01-03 10:35:40', '2024-01-03 10:35:40', NULL),
(40, 4, 1, 44, 'chhsc', 1, 0, '2024-01-03 10:35:49', '2024-01-03 10:35:49', NULL),
(41, 4, 44, 1, 'uffu', 1, 1, '2024-01-03 10:36:12', '2024-03-08 09:33:37', NULL),
(42, 4, 44, 1, 'ghhg', 1, 1, '2024-01-03 10:36:18', '2024-03-08 09:33:37', NULL),
(43, 4, 44, 1, 'thgg', 1, 1, '2024-01-03 10:36:22', '2024-03-08 09:33:37', NULL),
(44, 4, 44, 1, 'ghhgh', 1, 1, '2024-01-03 10:36:24', '2024-03-08 09:33:37', NULL),
(45, 4, 44, 1, 'hhhh', 1, 1, '2024-01-03 10:36:26', '2024-03-08 09:33:37', NULL),
(46, 4, 44, 1, 'huu', 1, 1, '2024-01-03 10:36:32', '2024-03-08 09:33:37', NULL),
(47, 4, 44, 1, 'jvjvvj', 1, 1, '2024-01-03 11:16:12', '2024-03-08 09:33:37', NULL),
(48, 4, 44, 1, 'chjckc', 1, 1, '2024-01-03 11:16:19', '2024-03-08 09:33:37', NULL),
(49, 4, 44, 1, 'hvvh', 1, 1, '2024-01-03 11:16:59', '2024-03-08 09:33:37', NULL),
(50, 4, 44, 1, 'hxhd', 1, 1, '2024-01-03 11:26:52', '2024-03-08 09:33:37', NULL),
(51, 4, 44, 1, 'hdhd', 1, 1, '2024-01-03 11:27:58', '2024-03-08 09:33:37', NULL),
(52, 4, 44, 1, 'hxhx', 1, 1, '2024-01-03 11:28:11', '2024-03-08 09:33:37', NULL),
(53, 4, 44, 1, 'hsjs', 1, 1, '2024-01-03 11:28:14', '2024-03-08 09:33:37', NULL),
(54, 4, 44, 1, 'hshd', 1, 1, '2024-01-03 11:28:16', '2024-03-08 09:33:37', NULL),
(55, 4, 44, 1, 'hxjxjx', 1, 1, '2024-01-03 11:28:19', '2024-03-08 09:33:37', NULL),
(56, 5, 45, 1, 'helo', 1, 1, '2024-01-04 07:12:08', '2024-03-08 09:37:58', NULL),
(57, 6, 46, 1, 'hi', 1, 1, '2024-01-04 10:46:50', '2024-03-08 09:33:26', NULL),
(58, 6, 46, 1, 'hello', 1, 1, '2024-01-04 10:47:16', '2024-03-08 09:33:26', NULL),
(59, 6, 1, 46, 'dhfjd', 1, 0, '2024-01-04 10:50:38', '2024-01-04 10:50:38', NULL),
(60, 6, 1, 46, 'dsdj', 1, 0, '2024-01-04 10:50:41', '2024-01-04 10:50:41', NULL),
(61, 6, 1, 46, 'cbdhdf', 1, 0, '2024-01-04 10:50:44', '2024-01-04 10:50:44', NULL),
(62, 6, 1, 46, 'cdsbhdbhcd', 1, 0, '2024-01-04 10:51:16', '2024-01-04 10:51:16', NULL),
(63, 6, 1, 46, 'hdhsd', 1, 0, '2024-01-04 10:51:48', '2024-01-04 10:51:48', NULL),
(64, 6, 46, 1, 'chaxehxhoehoxe', 1, 1, '2024-01-04 10:52:29', '2024-03-08 09:33:26', NULL),
(65, 6, 46, 1, 'vshdjf', 1, 1, '2024-01-04 10:53:04', '2024-03-08 09:33:26', NULL),
(66, 6, 46, 1, 'bxhxjdjd', 1, 1, '2024-01-04 10:53:14', '2024-03-08 09:33:26', NULL),
(67, 4, 44, 1, 'vshsvvssvhsjs', 1, 1, '2024-01-04 10:54:20', '2024-03-08 09:33:37', NULL),
(68, 4, 44, 1, 'hshhs', 1, 1, '2024-01-04 10:54:23', '2024-03-08 09:33:37', NULL),
(69, 4, 44, 1, 'vshshshsu', 1, 1, '2024-01-04 10:54:30', '2024-03-08 09:33:37', NULL),
(70, 4, 44, 1, 'vzhzhzhhs', 1, 1, '2024-01-04 10:54:32', '2024-03-08 09:33:37', NULL),
(71, 4, 44, 1, 'hsjjshs', 1, 1, '2024-01-04 10:54:34', '2024-03-08 09:33:37', NULL),
(72, 7, 28, 1, 'hi', 1, 1, '2024-01-04 13:14:48', '2024-03-05 06:47:04', NULL),
(73, 8, 53, 1, 'cgcycy', 1, 1, '2024-01-05 09:56:40', '2024-03-07 09:27:35', NULL),
(74, 8, 53, 1, 'hzjx', 1, 1, '2024-01-05 09:57:10', '2024-03-07 09:27:35', NULL),
(75, 8, 1, 53, 'fgghfghfghh', 1, 0, '2024-01-05 09:57:44', '2024-01-05 09:57:44', NULL),
(76, 8, 1, 53, 'hgfgjjh', 1, 0, '2024-01-05 09:57:50', '2024-01-05 09:57:50', NULL),
(77, 8, 53, 1, 'hshshd', 1, 1, '2024-01-05 09:58:55', '2024-03-07 09:27:35', NULL),
(78, 8, 1, 53, 'hgh', 1, 0, '2024-01-05 09:58:59', '2024-01-05 09:58:59', NULL),
(79, 8, 1, 53, 'vghgghgh\\\\', 1, 0, '2024-01-05 09:59:03', '2024-01-05 09:59:03', NULL),
(80, 8, 1, 53, 'bbmbbh', 1, 0, '2024-01-05 09:59:06', '2024-01-05 09:59:06', NULL),
(81, 8, 53, 1, 'hvvjvjkvi', 1, 1, '2024-01-05 10:00:54', '2024-03-07 09:27:35', NULL),
(82, 8, 1, 53, 'vghhjh', 1, 0, '2024-01-05 10:32:21', '2024-01-05 10:32:21', NULL),
(83, 9, 48, 1, 'hi', 1, 1, '2024-01-05 10:56:10', '2024-03-07 09:27:36', NULL),
(84, 8, 53, 1, 'dhhddh', 1, 1, '2024-01-05 10:56:42', '2024-03-07 09:27:35', NULL),
(85, 9, 48, 1, 'hjhj', 1, 1, '2024-01-05 10:56:45', '2024-03-07 09:27:36', NULL),
(86, 8, 53, 1, 'dhhddhdhh', 1, 1, '2024-01-05 10:56:53', '2024-03-07 09:27:35', NULL),
(87, 8, 53, 1, 'thrjrri', 1, 1, '2024-01-05 10:57:03', '2024-03-07 09:27:35', NULL),
(88, 9, 48, 1, 'gk', 1, 1, '2024-01-05 10:57:04', '2024-03-07 09:27:36', NULL),
(89, 8, 53, 1, 'jj', 1, 1, '2024-01-05 10:57:12', '2024-03-07 09:27:35', NULL),
(90, 8, 53, 1, 'ghhh', 1, 1, '2024-01-05 10:57:15', '2024-03-07 09:27:35', NULL),
(91, 8, 53, 1, 'fhgh', 1, 1, '2024-01-05 11:00:15', '2024-03-07 09:27:35', NULL),
(92, 8, 1, 53, 'hlo', 1, 0, '2024-01-05 11:00:18', '2024-01-05 11:00:18', NULL),
(93, 8, 53, 1, 'chhgh', 1, 1, '2024-01-05 11:00:28', '2024-03-07 09:27:35', NULL),
(94, 8, 53, 1, 'hhhu', 1, 1, '2024-01-05 11:00:35', '2024-03-07 09:27:35', NULL),
(95, 8, 1, 53, 'hlo', 1, 0, '2024-01-05 11:00:40', '2024-01-05 11:00:40', NULL),
(96, 8, 53, 1, 'cjcjcdudyd', 1, 1, '2024-01-05 11:00:52', '2024-03-07 09:27:35', NULL),
(97, 8, 1, 53, 'hli', 1, 0, '2024-01-05 11:00:56', '2024-01-05 11:00:56', NULL),
(98, 10, 26, 1, 'Hi', 1, 1, '2024-01-08 09:36:58', '2024-03-07 09:27:31', NULL),
(99, 11, 1, 56, 'hello', 1, 0, '2024-01-08 11:36:06', '2024-01-08 11:36:06', NULL),
(100, 11, 56, 1, 'ftfyfydy', 1, 1, '2024-01-08 11:36:33', '2024-03-05 06:47:03', NULL),
(101, 11, 1, 56, 'ddsfdsfds', 1, 0, '2024-01-08 11:39:57', '2024-01-08 11:39:57', NULL),
(102, 11, 56, 1, 'hfifuuffuyi', 1, 1, '2024-01-08 11:40:07', '2024-03-05 06:47:03', NULL),
(103, 11, 56, 1, 'fhufuffu', 1, 1, '2024-01-08 11:40:09', '2024-03-05 06:47:03', NULL),
(104, 11, 56, 1, 'guguuffuuf', 1, 1, '2024-01-08 11:40:18', '2024-03-05 06:47:03', NULL),
(105, 12, 58, 1, 'zdudidid', 1, 1, '2024-01-08 12:20:36', '2024-03-05 07:11:05', NULL),
(106, 12, 58, 1, 'hxjxjx', 1, 1, '2024-01-08 12:20:38', '2024-03-05 07:11:05', NULL),
(107, 12, 58, 1, 'zdhcu', 1, 1, '2024-01-08 12:20:40', '2024-03-05 07:11:05', NULL),
(108, 12, 58, 1, 'hdhdjfj', 1, 1, '2024-01-08 12:20:42', '2024-03-05 07:11:05', NULL),
(109, 12, 58, 1, 'ududud', 1, 1, '2024-01-08 12:20:43', '2024-03-05 07:11:05', NULL),
(110, 13, 62, 1, 'hellohsjsk', 1, 1, '2024-01-09 05:30:06', '2024-03-08 09:33:36', NULL),
(111, 13, 62, 1, 'hajj', 1, 1, '2024-01-09 05:30:08', '2024-03-08 09:33:36', NULL),
(112, 13, 62, 1, 'hajsjs', 1, 1, '2024-01-09 05:30:13', '2024-03-08 09:33:36', NULL),
(113, 13, 62, 1, 'hckfigig', 1, 1, '2024-01-09 06:11:40', '2024-03-08 09:33:36', NULL),
(114, 13, 62, 1, 'hdiffg', 1, 1, '2024-01-09 06:11:45', '2024-03-08 09:33:36', NULL),
(115, 13, 62, 1, 'hdfjjf', 1, 1, '2024-01-09 07:47:45', '2024-03-08 09:33:36', NULL),
(116, 13, 62, 1, 'fjjfo', 1, 1, '2024-01-09 07:47:48', '2024-03-08 09:33:36', NULL),
(117, 14, 63, 1, 'hello', 1, 1, '2024-01-09 12:07:52', '2024-03-08 09:37:59', NULL),
(118, 14, 63, 1, 'jcjcjccj', 1, 1, '2024-01-09 12:08:52', '2024-03-08 09:37:59', NULL),
(119, 14, 1, 63, 'ghfhfg', 1, 0, '2024-01-09 12:12:37', '2024-01-09 12:12:37', NULL),
(120, 15, 66, 1, 'hi', 1, 1, '2024-01-09 12:42:42', '2024-03-08 09:33:34', NULL),
(121, 15, 66, 1, 'hhiii', 1, 1, '2024-01-09 12:43:14', '2024-03-08 09:33:34', NULL),
(122, 16, 67, 1, 'hello', 1, 1, '2024-01-09 13:30:56', '2024-03-07 07:34:42', NULL),
(123, 16, 67, 1, 'hdjdjfj', 1, 1, '2024-01-09 13:31:02', '2024-03-07 07:34:42', NULL),
(124, 16, 67, 1, 'hdjdjdnndnd', 1, 1, '2024-01-09 13:31:12', '2024-03-07 07:34:42', NULL),
(125, 16, 67, 1, 'hxjxjdjjdjdjd', 1, 1, '2024-01-09 13:31:18', '2024-03-07 07:34:42', NULL),
(126, 16, 1, 67, 'dfghsdgfgd', 1, 0, '2024-01-09 13:32:23', '2024-01-09 13:32:23', NULL),
(127, 16, 1, 67, 'ggcgvh', 1, 0, '2024-01-09 13:33:21', '2024-01-09 13:33:21', NULL),
(128, 16, 67, 1, 'hshdhd', 1, 1, '2024-01-09 13:35:40', '2024-03-07 07:34:42', NULL),
(129, 16, 1, 67, 'dfdhfgdhg', 1, 0, '2024-01-09 13:38:41', '2024-01-09 13:38:41', NULL),
(130, 16, 1, 67, 'hfghfghdf', 1, 0, '2024-01-09 13:38:43', '2024-01-09 13:38:43', NULL),
(131, 17, 68, 1, 'hxjdjdjd', 1, 1, '2024-01-09 13:51:12', '2024-03-08 09:33:24', NULL),
(132, 17, 1, 68, 'cjdjfjg', 1, 0, '2024-01-09 13:51:23', '2024-01-09 13:51:23', NULL),
(133, 18, 69, 1, 'bsjsjjd', 1, 1, '2024-01-09 14:02:57', '2024-03-07 09:31:43', NULL),
(134, 18, 1, 69, 'fgdfhgf', 1, 0, '2024-01-09 14:03:14', '2024-01-09 14:03:14', NULL),
(135, 18, 69, 1, 'hdjfjf', 1, 1, '2024-01-10 06:26:20', '2024-03-07 09:31:43', NULL),
(136, 18, 69, 1, 'hfjfjfjf', 1, 1, '2024-01-10 06:26:23', '2024-03-07 09:31:43', NULL),
(137, 18, 69, 1, 'hdjjffj', 1, 1, '2024-01-10 06:26:25', '2024-03-07 09:31:43', NULL),
(138, 18, 69, 1, 'jdjfjf', 1, 1, '2024-01-10 06:26:27', '2024-03-07 09:31:43', NULL),
(139, 18, 1, 69, 'vhhbhv', 1, 0, '2024-01-10 06:26:52', '2024-01-10 06:26:52', NULL),
(140, 18, 1, 69, 'h', 1, 0, '2024-01-23 11:08:21', '2024-01-23 11:08:21', NULL),
(141, 18, 1, 69, '', 1, 0, '2024-01-23 11:11:27', '2024-01-23 11:11:27', NULL),
(142, 18, 1, 69, '', 1, 0, '2024-01-23 11:11:28', '2024-01-23 11:11:28', NULL),
(143, 18, 1, 69, '', 1, 0, '2024-01-23 11:11:28', '2024-01-23 11:11:28', NULL),
(144, 18, 1, 69, 'dsf', 1, 0, '2024-01-23 11:11:31', '2024-01-23 11:11:31', NULL),
(145, 18, 1, 69, '', 1, 0, '2024-01-23 11:11:33', '2024-01-23 11:11:33', NULL),
(146, 18, 1, 69, '', 1, 0, '2024-01-23 11:11:33', '2024-01-23 11:11:33', NULL),
(147, 18, 1, 69, '', 1, 0, '2024-01-23 11:11:33', '2024-01-23 11:11:33', NULL),
(148, 18, 1, 69, '', 1, 0, '2024-01-23 11:11:33', '2024-01-23 11:11:33', NULL),
(149, 18, 1, 69, '', 1, 0, '2024-01-23 11:11:33', '2024-01-23 11:11:33', NULL),
(150, 18, 1, 69, '', 1, 0, '2024-01-23 11:11:34', '2024-01-23 11:11:34', NULL),
(151, 18, 1, 69, '', 1, 0, '2024-01-23 11:11:34', '2024-01-23 11:11:34', NULL),
(152, 18, 1, 69, '', 1, 0, '2024-01-23 11:11:35', '2024-01-23 11:11:35', NULL),
(153, 18, 1, 69, '', 1, 0, '2024-01-23 11:11:35', '2024-01-23 11:11:35', NULL),
(154, 18, 1, 69, '', 1, 0, '2024-01-23 11:11:35', '2024-01-23 11:11:35', NULL),
(155, 18, 1, 69, '', 1, 0, '2024-01-23 11:11:36', '2024-01-23 11:11:36', NULL),
(156, 18, 1, 69, ' ', 1, 0, '2024-01-23 11:11:39', '2024-01-23 11:11:39', NULL),
(157, 18, 1, 69, ' ', 1, 0, '2024-01-23 11:11:40', '2024-01-23 11:11:40', NULL),
(158, 18, 1, 69, ' ', 1, 0, '2024-01-23 11:11:40', '2024-01-23 11:11:40', NULL),
(159, 18, 1, 69, ' ', 1, 0, '2024-01-23 11:11:41', '2024-01-23 11:11:41', NULL),
(160, 18, 1, 69, ' ', 1, 0, '2024-01-23 11:11:41', '2024-01-23 11:11:41', NULL),
(161, 18, 1, 69, ' ', 1, 0, '2024-01-23 11:11:41', '2024-01-23 11:11:41', NULL),
(162, 18, 1, 69, '', 1, 0, '2024-01-23 11:28:20', '2024-01-23 11:28:20', NULL),
(163, 18, 1, 69, '      ', 1, 0, '2024-01-23 11:43:38', '2024-01-23 11:43:38', NULL),
(164, 18, 1, 69, ' ', 1, 0, '2024-01-23 11:44:24', '2024-01-23 11:44:24', NULL),
(165, 18, 1, 69, '   ', 1, 0, '2024-01-23 11:44:54', '2024-01-23 11:44:54', NULL),
(166, 18, 1, 69, 'dsvc', 1, 0, '2024-01-23 11:58:08', '2024-01-23 11:58:08', NULL),
(167, 18, 1, 69, 'dfscx', 1, 0, '2024-03-04 07:31:03', '2024-03-04 07:31:03', NULL),
(168, 18, 1, 69, 'Test 1', 1, 0, '2024-03-04 07:32:12', '2024-03-04 07:32:12', NULL),
(169, 17, 1, 68, 'Hello', 1, 0, '2024-03-04 07:35:04', '2024-03-04 07:35:04', NULL),
(170, 17, 1, 68, 'Hello 2', 1, 0, '2024-03-04 07:36:17', '2024-03-04 07:36:17', NULL),
(171, 19, 59, 2, 'Hey', 1, 0, '2024-03-04 07:39:23', '2024-03-04 07:39:23', NULL),
(172, 20, 59, 1, 'Hey', 1, 1, '2024-03-04 07:40:23', '2024-03-08 09:33:28', NULL),
(173, 20, 59, 1, 'Hey 2', 1, 1, '2024-03-04 07:40:58', '2024-03-08 09:33:28', NULL),
(174, 20, 59, 1, 'Hey 3', 1, 1, '2024-03-04 07:44:15', '2024-03-08 09:33:28', NULL),
(175, 20, 59, 1, 'Hey 3', 1, 1, '2024-03-04 07:44:51', '2024-03-08 09:33:28', NULL),
(176, 20, 59, 1, 'Hey 4', 1, 1, '2024-03-04 07:45:43', '2024-03-08 09:33:28', NULL),
(177, 20, 59, 1, 'Hey 5', 1, 1, '2024-03-04 07:50:21', '2024-03-08 09:33:28', NULL),
(178, 20, 59, 1, 'Hey 6', 1, 1, '2024-03-04 07:50:38', '2024-03-08 09:33:28', NULL),
(179, 20, 59, 1, 'Hey 6', 1, 1, '2024-03-04 07:50:54', '2024-03-08 09:33:28', NULL),
(180, 20, 59, 1, 'Hey 7', 1, 1, '2024-03-04 07:55:28', '2024-03-08 09:33:28', NULL),
(181, 20, 59, 1, 'Hey 7', 1, 1, '2024-03-04 07:57:50', '2024-03-08 09:33:28', NULL),
(182, 20, 59, 1, 'Hey 8', 1, 1, '2024-03-04 07:58:03', '2024-03-08 09:33:28', NULL),
(183, 20, 59, 1, 'Hey 8', 1, 1, '2024-03-04 08:00:30', '2024-03-08 09:33:28', NULL),
(184, 20, 59, 1, 'Hey 9', 1, 1, '2024-03-04 08:02:30', '2024-03-08 09:33:28', NULL),
(185, 20, 59, 1, 'Hey 10', 1, 1, '2024-03-04 08:02:55', '2024-03-08 09:33:28', NULL),
(186, 20, 59, 1, 'Hey 11', 1, 1, '2024-03-04 08:04:10', '2024-03-08 09:33:28', NULL),
(187, 20, 59, 1, 'Hey 12', 1, 1, '2024-03-04 08:06:36', '2024-03-08 09:33:28', NULL),
(188, 20, 59, 1, 'Hey 13', 1, 1, '2024-03-04 08:08:55', '2024-03-08 09:33:28', NULL),
(189, 20, 59, 1, 'Hey 14', 1, 1, '2024-03-04 08:09:48', '2024-03-08 09:33:28', NULL),
(190, 20, 59, 1, 'Hey 15', 1, 1, '2024-03-04 08:10:16', '2024-03-08 09:33:28', NULL),
(191, 20, 59, 1, 'Hey 16', 1, 1, '2024-03-04 08:11:28', '2024-03-08 09:33:28', NULL),
(192, 20, 59, 1, 'Hey 17', 1, 1, '2024-03-04 08:12:23', '2024-03-08 09:33:28', NULL),
(193, 20, 59, 1, 'Hey 18', 1, 1, '2024-03-04 08:13:13', '2024-03-08 09:33:28', NULL),
(194, 20, 59, 1, 'Hey 19', 1, 1, '2024-03-04 08:13:36', '2024-03-08 09:33:28', NULL),
(195, 20, 1, 59, 'b hj', 1, 0, '2024-03-04 10:09:40', '2024-03-04 10:09:40', NULL),
(196, 20, 1, 59, 'Hello', 1, 0, '2024-03-04 12:31:25', '2024-03-04 12:31:25', NULL),
(197, 20, 1, 59, 'hello', 1, 0, '2024-03-04 12:31:30', '2024-03-04 12:31:30', NULL),
(198, 20, 1, 59, 'helo', 1, 0, '2024-03-04 12:32:34', '2024-03-04 12:32:34', NULL),
(199, 20, 1, 59, 'dfs', 1, 0, '2024-03-04 12:33:15', '2024-03-04 12:33:15', NULL),
(200, 20, 1, 59, 'ds', 1, 0, '2024-03-04 12:33:34', '2024-03-04 12:33:34', NULL),
(201, 20, 1, 59, 'Hello Test', 1, 0, '2024-03-04 12:33:56', '2024-03-04 12:33:56', NULL),
(202, 20, 59, 1, 'Hey 20', 1, 1, '2024-03-04 12:34:25', '2024-03-08 09:33:28', NULL),
(203, 6, 1, 46, 'Hello', 1, 0, '2024-03-04 12:38:53', '2024-03-04 12:38:53', NULL),
(204, 6, 1, 46, 'HI', 1, 0, '2024-03-04 12:40:00', '2024-03-04 12:40:00', NULL),
(205, 20, 1, 59, 'Hey', 1, 0, '2024-03-04 12:40:52', '2024-03-04 12:40:52', NULL),
(206, 20, 1, 59, 'Hi', 1, 0, '2024-03-04 12:41:19', '2024-03-04 12:41:19', NULL),
(207, 20, 1, 59, 'dsf', 1, 0, '2024-03-04 12:43:17', '2024-03-04 12:43:17', NULL),
(208, 6, 1, 46, 'Hello', 1, 0, '2024-03-04 12:43:41', '2024-03-04 12:43:41', NULL),
(209, 6, 1, 46, 'Hi', 1, 0, '2024-03-04 12:43:51', '2024-03-04 12:43:51', NULL),
(210, 6, 1, 46, '', 1, 0, '2024-03-05 05:48:02', '2024-03-05 05:48:02', NULL),
(211, 17, 1, 68, 'HI', 1, 0, '2024-03-05 05:57:04', '2024-03-05 05:57:04', NULL),
(212, 1, 1, 2, 'Hey', 1, 0, '2024-03-05 06:44:19', '2024-03-05 06:44:19', NULL),
(213, 3, 39, 1, 'Hey', 1, 0, '2024-03-05 06:45:03', '2024-03-05 06:45:03', NULL),
(215, 17, 1, 68, 'Hey', 1, 0, '2024-03-05 06:53:03', '2024-03-05 06:53:03', NULL),
(223, 22, 1, 3, 'Hi', 1, 0, '2024-03-05 07:13:35', '2024-03-05 07:13:35', NULL),
(254, 21, 4, 1, 'Hey 3', 1, 1, '2024-03-05 10:41:41', '2024-04-04 07:54:28', NULL),
(255, 21, 4, 1, 'Hey 3', 1, 1, '2024-03-05 10:43:36', '2024-04-04 07:54:28', NULL),
(256, 21, 4, 1, 'Hey 3', 1, 1, '2024-03-05 10:44:02', '2024-04-04 07:54:28', NULL),
(257, 1, 1, 2, 'Hey', 1, 0, '2024-03-06 06:03:34', '2024-03-06 06:03:34', NULL),
(258, 24, 2, 4, 'Hey', 1, 0, '2024-03-06 06:05:04', '2024-03-06 06:05:04', NULL),
(259, 1, 1, 2, 'fg', 1, 0, '2024-03-06 06:05:27', '2024-03-06 06:05:27', NULL),
(260, 24, 2, 4, 'Hey', 1, 0, '2024-03-06 06:05:34', '2024-03-06 06:05:34', NULL),
(261, 21, 1, 4, 'Hey', 1, 0, '2024-03-06 06:06:23', '2024-03-06 06:06:23', NULL),
(262, 21, 4, 1, 'Hey', 1, 1, '2024-03-06 06:06:48', '2024-04-04 07:54:28', NULL),
(263, 21, 4, 1, 'Hey', 1, 1, '2024-03-06 06:06:58', '2024-04-04 07:54:28', NULL),
(264, 1, 2, 1, 'Hey', 1, 1, '2024-03-07 06:39:20', '2024-04-04 07:42:16', NULL),
(265, 1, 2, 1, 'Hey', 1, 1, '2024-03-07 06:43:17', '2024-04-04 07:42:16', NULL),
(266, 1, 2, 1, 'Hey', 1, 1, '2024-03-07 07:05:15', '2024-04-04 07:42:16', NULL),
(267, 1, 2, 1, 'Hey', 1, 1, '2024-03-07 07:05:26', '2024-04-04 07:42:16', NULL),
(268, 1, 2, 1, 'Hey', 1, 1, '2024-03-07 07:09:25', '2024-04-04 07:42:16', NULL),
(269, 1, 2, 1, 'Hey', 1, 1, '2024-03-07 07:11:32', '2024-04-04 07:42:16', NULL),
(270, 1, 2, 1, 'Hey', 1, 1, '2024-03-07 07:12:31', '2024-04-04 07:42:16', NULL),
(271, 1, 2, 1, 'Hey', 1, 1, '2024-03-07 07:14:49', '2024-04-04 07:42:16', NULL),
(272, 1, 2, 1, 'Hey', 1, 1, '2024-03-07 07:16:06', '2024-04-04 07:42:16', NULL),
(273, 1, 2, 1, 'Hey 1', 1, 1, '2024-03-07 07:21:03', '2024-04-04 07:42:16', NULL),
(274, 1, 2, 1, 'Hey 2', 1, 1, '2024-03-07 07:21:44', '2024-04-04 07:42:16', NULL),
(275, 21, 4, 1, 'Hey 2', 1, 1, '2024-03-07 07:22:16', '2024-04-04 07:54:28', NULL),
(276, 21, 4, 1, 'Hey 2', 1, 1, '2024-03-07 07:23:00', '2024-04-04 07:54:28', NULL),
(277, 21, 4, 1, 'Hey 2', 1, 1, '2024-03-07 07:23:13', '2024-04-04 07:54:28', NULL),
(278, 21, 1, 4, 'Hi', 1, 0, '2024-03-07 07:23:31', '2024-03-07 07:23:31', NULL);

-- --------------------------------------------------------

--
-- Table structure for table `chat_constant`
--

CREATE TABLE `chat_constant` (
  `id` int(11) NOT NULL,
  `sender_id` int(11) NOT NULL,
  `reciver_id` int(11) NOT NULL,
  `last_message` text NOT NULL,
  `createdAt` timestamp NOT NULL DEFAULT CURRENT_TIMESTAMP,
  `updatedAt` timestamp NOT NULL DEFAULT CURRENT_TIMESTAMP ON UPDATE CURRENT_TIMESTAMP,
  `deletedAt` timestamp NULL DEFAULT NULL
) ENGINE=InnoDB DEFAULT CHARSET=latin1;

--
-- Dumping data for table `chat_constant`
--

INSERT INTO `chat_constant` (`id`, `sender_id`, `reciver_id`, `last_message`, `createdAt`, `updatedAt`, `deletedAt`) VALUES
(1, 1, 2, 'Hey 2', '2024-01-02 07:08:58', '2024-03-07 07:21:44', NULL),
(2, 34, 1, 'Hello', '2024-01-02 09:24:57', '2024-01-03 05:04:47', NULL),
(3, 39, 1, 'Hey', '2024-01-03 06:22:27', '2024-03-05 06:45:03', NULL),
(4, 44, 1, 'hsjjshs', '2024-01-03 10:16:38', '2024-01-04 10:54:34', NULL),
(5, 45, 1, 'helo', '2024-01-04 07:12:08', '2024-01-04 07:12:09', NULL),
(6, 46, 1, '', '2024-01-04 10:46:50', '2024-03-05 05:48:02', NULL),
(7, 28, 1, 'hi', '2024-01-04 13:14:48', '2024-01-04 13:14:48', NULL),
(8, 53, 1, 'hli', '2024-01-05 09:56:40', '2024-01-05 11:00:56', NULL),
(9, 48, 1, 'gk', '2024-01-05 10:56:10', '2024-01-05 10:57:04', NULL),
(10, 26, 1, 'Hi', '2024-01-08 09:36:58', '2024-01-08 09:36:58', NULL),
(11, 1, 56, 'guguuffuuf', '2024-01-08 11:36:06', '2024-01-08 11:40:18', NULL),
(12, 58, 1, 'ududud', '2024-01-08 12:20:36', '2024-01-08 12:20:43', NULL),
(13, 62, 1, 'fjjfo', '2024-01-09 05:30:06', '2024-01-09 07:47:48', NULL),
(14, 63, 1, 'ghfhfg', '2024-01-09 12:07:52', '2024-01-09 12:12:37', NULL),
(15, 66, 1, 'hhiii', '2024-01-09 12:42:42', '2024-01-09 12:43:14', NULL),
(16, 67, 1, 'hfghfghdf', '2024-01-09 13:30:56', '2024-01-09 13:38:43', NULL),
(17, 68, 1, 'Hey', '2024-01-09 13:51:12', '2024-03-05 06:53:03', NULL),
(18, 69, 1, 'Test 1', '2024-01-09 14:02:57', '2024-03-04 07:32:13', NULL),
(19, 59, 2, 'Hey', '2024-03-04 07:39:23', '2024-03-04 07:39:23', NULL),
(20, 59, 1, 'dsf', '2024-03-04 07:40:23', '2024-03-04 12:43:17', NULL),
(21, 4, 1, 'Hi', '2024-03-05 06:45:34', '2024-03-07 07:23:31', NULL),
(22, 1, 3, 'Hi', '2024-03-05 07:07:44', '2024-03-05 07:13:35', NULL),
(23, 1, 7, 'hi', '2024-03-05 07:11:16', '2024-03-05 07:11:16', NULL),
(24, 2, 4, 'Hey', '2024-03-06 06:05:04', '2024-03-06 06:05:34', NULL);

-- --------------------------------------------------------

--
-- Table structure for table `cms`
--

CREATE TABLE `cms` (
  `id` int(11) NOT NULL,
  `title` varchar(255) NOT NULL,
  `description` text NOT NULL,
  `createdAt` timestamp NOT NULL DEFAULT CURRENT_TIMESTAMP,
  `updatedAt` timestamp NOT NULL DEFAULT CURRENT_TIMESTAMP ON UPDATE CURRENT_TIMESTAMP,
  `deletedAt` timestamp NULL DEFAULT NULL
) ENGINE=InnoDB DEFAULT CHARSET=utf8;

--
-- Dumping data for table `cms`
--

INSERT INTO `cms` (`id`, `title`, `description`, `createdAt`, `updatedAt`, `deletedAt`) VALUES
(1, 'About us', '<p><strong>Lorem</strong> ipsum dolor sit amet, consectetur adipiscing elit. Morbi dictum pellentesque lacus nec efficitur. Nulla tempor cursus mauris vitae varius. Pellentesque ut semper lacus. Praesent auctor finibus dui, et luctus risus faucibus non. Curabitur vehicula vestibulum velit, at bibendum urna molestie et. Proin nec magna sit amet risus dapibus varius. Mauris et nisi finibus, tempus dolor nec, maximus dolor. In at libero fermentum, condimentum eros id, viverra turpis. Duis sodales dapibus mauris in efficitur. Maecenas ac augue mollis, mattis ligula sit amet, facilisis sapien. Duis eleifend in nisl vel volutpat. Mauris ac pretium erat. Praesent at velit eget orci viverra venenatis. Sed et consectetur metus. Donec nec libero sit amet ex gravida varius.</p>\n', '2023-10-05 11:13:43', '2024-03-19 10:13:34', NULL),
(2, 'Privacy Policy', '<p><strong>Lorem ipsum </strong>dolor sit amet, consectetur adipiscing elit. Morbi dictum pellentesque lacus nec efficitur. Nulla tempor cursus mauris vitae varius. Pellentesque ut semper lacus. Praesent auctor finibus dui, et luctus risus faucibus non. Curabitur vehicula vestibulum velit, at bibendum urna molestie et. Proin nec magna sit amet risus dapibus varius. Mauris et nisi finibus, tempus dolor nec, maximus dolor. In at libero fermentum, condimentum eros id, viverra turpis. Duis sodales dapibus mauris in efficitur. Maecenas ac augue mollis, mattis ligula sit amet, facilisis sapien. Duis eleifend in nisl vel volutpat. Mauris ac pretium erat. Praesent at velit eget orci viverra venenatis. Sed et consectetur metus. Donec nec libero sit amet ex gravida varius.</p>\r\n', '2023-10-05 11:13:43', '2023-11-22 11:25:09', NULL),
(3, 'Terms and conditions', '<p><strong>Lorem ipsum </strong>dolor sit amet, consectetur adipiscing elit. Morbi dictum pellentesque lacus nec efficitur. Nulla tempor cursus mauris vitae varius. Pellentesque ut semper lacus. Praesent auctor finibus dui, et luctus risus faucibus non. Curabitur vehicula vestibulum velit, at bibendum urna molestie et. Proin nec magna sit amet risus dapibus varius. Mauris et nisi finibus, tempus dolor nec, maximus dolor. In at libero fermentum, condimentum eros id, viverra turpis. Duis sodales dapibus mauris in efficitur. Maecenas ac augue mollis, mattis ligula sit amet, facilisis sapien. Duis eleifend in nisl vel volutpat. Mauris ac pretium erat. Praesent at velit eget orci viverra venenatis. Sed et consectetur metus. Donec nec libero sit amet ex gravida varius.</p>\r\n', '2023-10-05 11:13:43', '2023-11-22 11:24:55', NULL);

-- --------------------------------------------------------

--
-- Table structure for table `contact_us`
--

CREATE TABLE `contact_us` (
  `id` int(11) NOT NULL,
  `user_id` int(11) NOT NULL,
  `name` varchar(255) NOT NULL,
  `email` varchar(255) NOT NULL,
  `country_code` varchar(255) DEFAULT NULL,
  `phone_number` varchar(255) NOT NULL,
  `message` text NOT NULL,
  `createdAt` timestamp NOT NULL DEFAULT CURRENT_TIMESTAMP,
  `updatedAt` timestamp NOT NULL DEFAULT CURRENT_TIMESTAMP ON UPDATE CURRENT_TIMESTAMP,
  `deletedAt` timestamp NULL DEFAULT NULL
) ENGINE=InnoDB DEFAULT CHARSET=latin1;

--
-- Dumping data for table `contact_us`
--

INSERT INTO `contact_us` (`id`, `user_id`, `name`, `email`, `country_code`, `phone_number`, `message`, `createdAt`, `updatedAt`, `deletedAt`) VALUES
(1, 2, 'user', 'user@gmail.com', '+91', '6748366235', 'Demo', '2023-10-05 09:49:02', '2023-11-22 13:14:32', NULL),
(2, 7, 'Api test', 'apitest@gmail.com', '+91', '7854129856', 'testing api', '2023-12-06 09:57:32', '2023-12-06 09:57:32', NULL),
(3, 7, 'Api test', 'apitest@gmail.com', '+91', '7854129856', 'testing api', '2023-12-06 11:55:50', '2023-12-06 11:55:50', NULL),
(4, 8, 'Api test', 'apitest@gmail.com', '+91', '7854129856', 'testing api', '2023-12-12 09:06:49', '2023-12-12 09:06:49', NULL),
(5, 8, 'Api test', 'apitest@gmail.com', '+91', '7854129856', 'testing api', '2023-12-12 09:08:08', '2023-12-12 09:08:08', NULL),
(6, 8, 'Api test', 'apitest@gmail.com', '+91', '7854129856', 'testing api', '2023-12-12 09:13:26', '2023-12-12 09:13:26', NULL),
(7, 26, 'Api test', 'apitest@gmail.com', '+91', '7854129856', 'testing api', '2023-12-27 09:21:34', '2023-12-27 09:21:34', NULL),
(26, 34, 'fghjkl', 'qwertyui@g.com', 'US', '845120874512', '89456123', '2024-01-09 09:23:51', '2024-01-09 09:23:51', NULL),
(27, 34, 'avi', 'aa@hh.com', '+1', '785127895623', 'qwertyuiop', '2024-01-09 09:25:50', '2024-01-09 09:25:50', NULL);

-- --------------------------------------------------------

--
-- Table structure for table `notifications`
--

CREATE TABLE `notifications` (
  `id` int(11) NOT NULL,
  `sender_id` int(11) NOT NULL,
  `reciver_id` int(11) NOT NULL,
  `message` text NOT NULL,
  `status` tinyint(2) DEFAULT '0',
  `notification_type` tinyint(2) DEFAULT NULL COMMENT '1: Service request, 2: Contact Us',
  `createdAt` timestamp NOT NULL DEFAULT CURRENT_TIMESTAMP,
  `updatedAt` timestamp NOT NULL DEFAULT CURRENT_TIMESTAMP ON UPDATE CURRENT_TIMESTAMP
) ENGINE=InnoDB DEFAULT CHARSET=latin1;

--
-- Dumping data for table `notifications`
--

INSERT INTO `notifications` (`id`, `sender_id`, `reciver_id`, `message`, `status`, `notification_type`, `createdAt`, `updatedAt`) VALUES
(1, 1, 7, 'texting data', 0, 0, '2023-12-07 09:46:59', '2023-12-12 06:25:37'),
(2, 7, 1, 'texting data', 1, 1, '2023-12-07 09:46:59', '2023-12-12 07:46:00'),
(5, 1, 28, 'texting data', 0, 1, '2023-12-12 08:01:31', '2024-01-04 06:16:04'),
(6, 1, 28, 'texting data', 0, 2, '2023-12-12 09:06:49', '2024-01-04 06:16:06'),
(7, 8, 1, 'Contact us from user5', 1, 2, '2023-12-12 09:08:08', '2024-01-11 07:17:21'),
(8, 8, 1, 'Contact us from user5', 1, 2, '2023-12-12 09:13:26', '2024-01-11 07:05:28'),
(9, 7, 1, 'user4 send a service request.', 1, 1, '2023-12-12 12:20:50', '2023-12-13 05:50:58'),
(10, 7, 1, 'user4 send a service request.', 1, 1, '2023-12-12 12:44:38', '2023-12-13 05:50:58'),
(11, 7, 1, 'user4 send a service request.', 1, 1, '2023-12-13 07:56:48', '2023-12-19 12:50:48'),
(12, 7, 1, 'user4 send a service request.', 1, 1, '2023-12-13 07:59:38', '2023-12-19 12:50:48'),
(13, 26, 1, 'Contact us from jatin', 1, 2, '2023-12-27 09:21:34', '2023-12-27 09:53:00'),
(14, 26, 1, 'Contact us from jatin', 1, 2, '2023-12-27 09:33:41', '2023-12-27 09:53:00'),
(15, 26, 1, 'Contact us from jatin', 1, 2, '2023-12-27 09:33:58', '2023-12-27 09:53:00'),
(16, 26, 1, 'Contact us from jatin', 1, 2, '2023-12-27 09:34:16', '2023-12-27 09:53:00'),
(17, 26, 1, 'Contact us from jatin', 1, 2, '2023-12-27 09:34:39', '2023-12-27 09:53:00'),
(18, 26, 1, 'Contact us from jatin', 1, 2, '2023-12-27 09:34:55', '2023-12-27 09:53:00'),
(19, 26, 1, 'Contact us from jatin', 1, 2, '2023-12-27 09:36:36', '2023-12-27 09:53:00'),
(20, 26, 1, 'Contact us from jatin', 1, 2, '2023-12-27 09:37:14', '2023-12-27 09:53:00'),
(21, 32, 1, 'Contact us from mohit', 1, 2, '2023-12-27 11:05:24', '2024-01-05 06:55:03'),
(22, 26, 1, 'Contact us from jatin', 1, 2, '2023-12-27 13:19:38', '2024-01-05 06:55:03'),
(23, 23, 1, 'Parveen Kumar send a service request.', 1, 1, '2023-12-28 07:06:59', '2024-01-05 06:55:03'),
(24, 26, 1, 'jatin send a service request.', 1, 1, '2023-12-28 09:51:51', '2024-01-05 06:55:03'),
(25, 26, 1, 'jatin send a service request.', 1, 1, '2023-12-28 09:59:18', '2024-01-05 06:55:03'),
(26, 26, 1, 'jatin send a service request.', 1, 1, '2023-12-28 10:56:04', '2024-01-05 06:55:03'),
(27, 26, 1, 'jatin send a service request.', 1, 1, '2023-12-28 12:18:57', '2024-01-05 06:55:03'),
(28, 26, 1, 'jatin send a service request.', 1, 1, '2023-12-28 12:25:14', '2024-01-05 06:55:03'),
(29, 26, 1, 'jatin send a service request.', 1, 1, '2023-12-28 12:27:46', '2024-01-05 06:55:03'),
(30, 26, 1, 'jatin send a service request.', 1, 1, '2023-12-28 12:29:08', '2024-01-05 06:55:03'),
(31, 26, 1, 'jatin send a service request.', 1, 1, '2023-12-28 12:42:28', '2024-01-05 06:55:03'),
(32, 26, 1, 'jatin send a service request.', 1, 1, '2023-12-28 12:54:29', '2024-01-05 06:55:03'),
(33, 26, 1, 'jatin send a service request.', 1, 1, '2023-12-28 12:57:34', '2024-01-05 06:55:03'),
(34, 26, 1, 'jatin send a service request.', 1, 1, '2023-12-28 13:21:26', '2024-01-05 06:55:03'),
(35, 26, 1, 'jatin send a service request.', 1, 1, '2023-12-28 13:22:15', '2024-01-05 06:55:03'),
(36, 26, 1, 'jatin send a service request.', 1, 1, '2023-12-28 13:27:36', '2024-01-05 06:55:03'),
(37, 26, 1, 'jatin send a service request.', 1, 1, '2024-01-02 06:22:33', '2024-01-05 06:55:03'),
(38, 26, 1, 'jatin send a service request.', 1, 1, '2024-01-02 09:35:36', '2024-01-05 06:55:03'),
(39, 35, 1, 'dev send a service request.', 1, 1, '2024-01-02 10:50:19', '2024-01-05 06:55:03'),
(40, 35, 1, 'dev send a service request.', 1, 1, '2024-01-02 11:05:29', '2024-01-05 06:55:03'),
(41, 36, 1, 'zappy send a service request.', 1, 1, '2024-01-02 11:11:08', '2024-01-05 06:55:03'),
(42, 35, 1, 'dev send a service request.', 1, 1, '2024-01-02 11:20:38', '2024-01-05 06:55:03'),
(43, 35, 1, 'dev send a service request.', 1, 1, '2024-01-02 11:56:42', '2024-01-05 06:55:03'),
(44, 39, 1, 'Praveen send a service request.', 1, 1, '2024-01-03 06:10:53', '2024-01-05 06:55:03'),
(45, 44, 1, 'bob send a service request.', 1, 1, '2024-01-03 10:17:31', '2024-01-05 06:55:03'),
(46, 44, 1, 'Contact us from bob', 1, 2, '2024-01-03 10:45:48', '2024-01-05 06:55:03'),
(47, 44, 1, 'bob send a service request.', 1, 1, '2024-01-03 11:49:13', '2024-01-05 06:55:03'),
(48, 28, 1, 'king khan send a service request.', 1, 1, '2024-01-03 12:27:16', '2024-01-05 06:55:03'),
(49, 44, 1, 'bob send a service request.', 1, 1, '2024-01-03 12:49:42', '2024-01-05 06:55:03'),
(50, 45, 1, 'Contact us from rubi', 1, 2, '2024-01-04 06:26:21', '2024-01-05 06:55:03'),
(51, 45, 1, 'rubi send a service request.', 1, 1, '2024-01-04 06:29:07', '2024-01-05 06:55:03'),
(52, 45, 1, 'rubi send a service request.', 1, 1, '2024-01-04 06:44:32', '2024-01-05 06:55:03'),
(53, 28, 1, 'king khan send a service request.', 1, 1, '2024-01-04 07:00:44', '2024-01-05 06:55:03'),
(54, 28, 1, 'king khan send a service request.', 1, 1, '2024-01-04 07:07:53', '2024-01-05 06:55:03'),
(55, 46, 1, 'job send a service request.', 1, 1, '2024-01-04 08:10:34', '2024-01-05 06:55:03'),
(56, 46, 1, 'job send a service request.', 1, 1, '2024-01-04 09:04:32', '2024-01-05 06:55:03'),
(57, 46, 1, 'job send a service request.', 1, 1, '2024-01-04 09:06:21', '2024-01-05 06:55:03'),
(58, 46, 1, 'job send a service request.', 1, 1, '2024-01-04 09:16:44', '2024-01-05 06:55:03'),
(59, 28, 1, 'Contact us from king khan', 1, 2, '2024-01-04 09:39:58', '2024-01-05 06:55:03'),
(60, 46, 1, 'job send a service request.', 1, 1, '2024-01-04 09:47:44', '2024-01-05 06:55:03'),
(61, 46, 1, 'job send a service request.', 1, 1, '2024-01-04 10:02:58', '2024-01-05 06:55:03'),
(62, 28, 1, 'king khan send a service request.', 1, 1, '2024-01-04 13:44:32', '2024-01-05 06:55:03'),
(63, 28, 1, 'king khan send a service request.', 1, 1, '2024-01-04 13:45:14', '2024-01-05 06:55:03'),
(64, 48, 1, 'puneet send a service request.', 1, 1, '2024-01-05 05:39:59', '2024-01-05 06:55:03'),
(65, 48, 1, 'Contact us from puneet', 1, 2, '2024-01-05 06:00:14', '2024-01-05 06:55:03'),
(66, 48, 1, 'Contact us from puneet', 1, 2, '2024-01-05 06:04:40', '2024-01-05 06:55:03'),
(67, 48, 1, 'puneet send a service request.', 1, 1, '2024-01-05 06:08:03', '2024-01-05 06:55:03'),
(68, 49, 1, 'Contact us from moha', 1, 2, '2024-01-05 08:08:31', '2024-01-08 10:13:17'),
(69, 49, 1, 'moha send a service request.', 1, 1, '2024-01-05 09:02:19', '2024-01-08 10:13:17'),
(70, 49, 1, 'moha send a service request.', 1, 1, '2024-01-05 09:36:46', '2024-01-08 10:13:17'),
(71, 49, 1, 'moha send a service request.', 1, 1, '2024-01-05 09:39:04', '2024-01-08 10:13:17'),
(72, 49, 1, 'moha send a service request.', 1, 1, '2024-01-05 09:39:24', '2024-01-08 10:13:17'),
(73, 53, 1, 'Contact us from dipu', 1, 2, '2024-01-05 09:49:49', '2024-01-08 10:13:17'),
(74, 53, 1, 'dipu send a service request.', 1, 1, '2024-01-05 09:52:27', '2024-01-08 10:13:17'),
(75, 48, 1, 'puneet send a service request.', 1, 1, '2024-01-05 09:58:46', '2024-01-08 10:13:17'),
(76, 28, 1, 'king khan send a service request.', 1, 1, '2024-01-05 12:11:10', '2024-01-08 10:13:17'),
(77, 28, 1, 'king khan send a service request.', 1, 1, '2024-01-05 12:43:59', '2024-01-08 10:13:17'),
(78, 55, 1, 'suhana send a service request.', 1, 1, '2024-01-05 13:55:56', '2024-01-08 10:13:17'),
(79, 55, 1, 'suhana send a service request.', 1, 1, '2024-01-05 13:59:10', '2024-01-08 10:13:17'),
(80, 34, 1, 'Luffy send a service request.', 1, 1, '2024-01-08 05:46:57', '2024-01-08 10:13:17'),
(81, 26, 1, 'Contact us from jatin', 1, 2, '2024-01-08 07:29:56', '2024-01-08 10:13:17'),
(82, 56, 1, 'sujata send a service request.', 1, 1, '2024-01-08 09:25:07', '2024-01-08 10:13:17'),
(83, 26, 1, 'jatin send a service request.', 1, 1, '2024-01-08 09:29:19', '2024-01-08 10:13:17'),
(84, 56, 1, 'sujata send a service request.', 1, 1, '2024-01-08 09:30:18', '2024-01-08 10:13:17'),
(85, 26, 1, 'jatin send a service request.', 1, 1, '2024-01-08 09:32:19', '2024-01-08 10:13:17'),
(86, 56, 1, 'sujata send a service request.', 1, 1, '2024-01-08 09:33:09', '2024-01-08 10:13:17'),
(87, 56, 1, 'sujata send a service request.', 1, 1, '2024-01-08 09:35:18', '2024-01-08 10:13:17'),
(88, 26, 1, 'jatin send a service request.', 1, 1, '2024-01-08 09:49:13', '2024-01-08 10:13:17'),
(89, 56, 1, 'sujata send a service request.', 1, 1, '2024-01-08 10:37:11', '2024-01-08 11:57:30'),
(90, 57, 1, 'hema send a service request.', 1, 1, '2024-01-08 11:05:07', '2024-01-08 11:57:30'),
(91, 26, 1, 'jatin send a service request.', 1, 1, '2024-01-08 11:07:29', '2024-01-08 11:57:30'),
(92, 26, 1, 'jatin send a service request.', 1, 1, '2024-01-08 11:09:32', '2024-01-08 11:57:30'),
(93, 26, 1, 'jatin send a service request.', 1, 1, '2024-01-08 11:11:10', '2024-01-08 11:57:30'),
(94, 26, 1, 'jatin send a service request.', 1, 1, '2024-01-08 11:14:45', '2024-01-08 11:57:30'),
(95, 26, 1, 'jatin send a service request.', 1, 1, '2024-01-08 11:16:44', '2024-01-08 11:57:30'),
(96, 58, 1, 'Contact us from joy', 1, 2, '2024-01-08 11:46:43', '2024-01-08 11:57:30'),
(97, 58, 1, 'joy send a service request.', 1, 1, '2024-01-08 11:57:14', '2024-01-08 11:57:30'),
(98, 58, 1, 'joy send a service request.', 1, 1, '2024-01-08 12:06:40', '2024-01-08 12:54:18'),
(99, 26, 1, 'jatin send a service request.', 1, 1, '2024-01-08 12:31:50', '2024-01-08 12:54:18'),
(100, 61, 1, 'Chahal send a service request.', 1, 1, '2024-01-08 13:44:46', '2024-01-09 05:08:42'),
(101, 61, 1, 'Chahal send a service request.', 1, 1, '2024-01-08 13:45:43', '2024-01-09 05:08:42'),
(102, 61, 1, 'Chahal send a service request.', 1, 1, '2024-01-08 13:47:10', '2024-01-09 05:08:42'),
(103, 61, 1, 'Chahal send a service request.', 1, 1, '2024-01-08 13:50:12', '2024-01-09 05:08:42'),
(104, 61, 1, 'Chahal send a service request.', 1, 1, '2024-01-08 13:51:12', '2024-01-09 05:08:42'),
(105, 61, 1, 'Chahal send a service request.', 1, 1, '2024-01-08 13:52:27', '2024-01-09 05:08:42'),
(106, 62, 1, 'vicky send a service request.', 1, 1, '2024-01-09 05:14:26', '2024-01-09 05:14:43'),
(107, 62, 1, 'vicky send a service request.', 1, 1, '2024-01-09 05:22:15', '2024-01-09 05:22:27'),
(108, 62, 1, 'vicky send a service request.', 1, 1, '2024-01-09 05:34:38', '2024-01-09 05:59:18'),
(109, 62, 1, 'vicky send a service request.', 1, 1, '2024-01-09 05:41:36', '2024-01-09 05:59:18'),
(110, 62, 1, 'vicky send a service request.', 1, 1, '2024-01-09 05:59:09', '2024-01-09 05:59:18'),
(111, 62, 1, 'vicky send a service request.', 1, 1, '2024-01-09 07:48:36', '2024-01-09 11:51:22'),
(112, 34, 1, 'Contact us from Luffy', 1, 2, '2024-01-09 09:23:51', '2024-01-09 11:51:22'),
(113, 34, 1, 'Contact us from Luffy', 1, 2, '2024-01-09 09:25:50', '2024-01-09 11:51:22'),
(114, 34, 1, 'Luffy send a service request.', 1, 1, '2024-01-09 09:56:20', '2024-01-09 11:51:22'),
(115, 63, 1, 'aditi send a service request.', 1, 1, '2024-01-09 11:50:46', '2024-01-09 11:51:22'),
(116, 63, 1, 'aditi send a service request.', 1, 1, '2024-01-09 11:51:12', '2024-01-09 11:51:22'),
(117, 63, 1, 'aditi send a service request.', 1, 1, '2024-01-09 11:52:43', '2024-01-09 11:52:52'),
(118, 63, 1, 'aditi send a service request.', 1, 1, '2024-01-09 11:53:08', '2024-01-09 11:53:21'),
(119, 63, 1, 'aditi send a service request.', 1, 1, '2024-01-09 11:54:55', '2024-01-09 11:55:05'),
(120, 34, 1, 'Luffy send a service request.', 1, 1, '2024-01-09 12:14:32', '2024-01-09 13:19:00'),
(121, 67, 1, 'Vaamika send a service request.', 1, 1, '2024-01-09 13:18:43', '2024-01-09 13:19:00'),
(122, 67, 1, 'Vaamika send a service request.', 1, 1, '2024-01-09 13:24:28', '2024-01-09 13:31:27'),
(123, 67, 1, 'Vaamika send a service request.', 1, 1, '2024-01-09 13:26:23', '2024-01-09 13:31:27'),
(124, 67, 1, 'Vaamika send a message.', 1, 1, '2024-01-09 13:30:57', '2024-01-09 13:31:27'),
(125, 67, 1, 'Vaamika send a message.', 1, 1, '2024-01-09 13:31:02', '2024-01-09 13:31:27'),
(126, 67, 1, 'Vaamika send a message.', 1, 1, '2024-01-09 13:31:12', '2024-01-09 13:31:27'),
(127, 67, 1, 'Vaamika send a message.', 1, 1, '2024-01-09 13:31:18', '2024-01-09 13:31:27'),
(128, 67, 1, 'Vaamika send a message.', 1, 1, '2024-01-09 13:35:40', '2024-01-10 06:24:30'),
(129, 68, 1, 'Dazzle send a service request.', 1, 1, '2024-01-09 13:44:39', '2024-01-10 06:24:30'),
(130, 68, 1, 'Dazzle send a message.', 1, 1, '2024-01-09 13:51:12', '2024-01-10 06:24:30'),
(131, 28, 1, 'king khan send a service request.', 1, 1, '2024-01-09 13:52:49', '2024-01-10 06:24:30'),
(132, 69, 1, 'Ram send a service request.', 1, 1, '2024-01-09 14:00:00', '2024-01-10 06:24:30'),
(133, 69, 1, 'Ram send a service request.', 1, 1, '2024-01-09 14:00:42', '2024-01-10 06:24:30'),
(134, 69, 1, 'Ram send a service request.', 1, 1, '2024-01-09 14:01:53', '2024-01-10 06:24:30'),
(135, 69, 1, 'Ram send a message.', 1, 1, '2024-01-09 14:02:57', '2024-01-10 06:24:30'),
(136, 69, 1, 'Ram send a service request.', 1, 1, '2024-01-09 14:06:08', '2024-01-10 06:24:30'),
(137, 69, 1, 'Ram send a service request.', 1, 1, '2024-01-09 14:06:13', '2024-01-10 06:24:30'),
(138, 69, 1, 'Ram send a service request.', 1, 1, '2024-01-09 14:06:18', '2024-01-10 06:24:30'),
(139, 69, 1, 'Ram send a service request.', 1, 1, '2024-01-09 14:06:35', '2024-01-10 06:24:30'),
(140, 69, 1, 'Ram send a service request.', 1, 1, '2024-01-09 14:06:58', '2024-01-10 06:24:30'),
(141, 69, 1, 'Ram send a service request.', 1, 1, '2024-01-09 14:07:25', '2024-01-10 06:24:30'),
(142, 69, 1, 'Ram send a service request.', 1, 1, '2024-01-09 14:07:37', '2024-01-10 06:24:30'),
(143, 69, 1, 'Ram send a service request.', 1, 1, '2024-01-09 14:08:22', '2024-01-10 06:24:30'),
(144, 69, 1, 'Ram send a service request.', 1, 1, '2024-01-10 06:23:40', '2024-01-10 06:24:30'),
(145, 69, 1, 'Ram send a service request.', 1, 1, '2024-01-10 06:25:04', '2024-01-10 06:25:12'),
(146, 69, 1, 'Ram send a message.', 1, 1, '2024-01-10 06:26:20', '2024-01-10 06:26:36'),
(147, 69, 1, 'Ram send a message.', 1, 1, '2024-01-10 06:26:23', '2024-01-10 06:26:36'),
(148, 69, 1, 'Ram send a message.', 1, 1, '2024-01-10 06:26:25', '2024-01-10 06:26:36'),
(149, 69, 1, 'Ram send a message.', 1, 1, '2024-01-10 06:26:27', '2024-01-10 06:26:36'),
(150, 69, 1, 'Ram sent you a service request.', 1, 1, '2024-01-10 06:40:05', '2024-01-10 06:40:25'),
(151, 28, 1, 'king khan sent you a service request.', 1, 1, '2024-01-10 07:23:33', '2024-01-11 05:51:48'),
(152, 1, 69, 'Request status Rejected', 2, NULL, '2024-01-11 05:17:27', '2024-01-11 05:17:27'),
(153, 1, 28, 'Request status Accepted', 1, NULL, '2024-01-11 05:19:34', '2024-01-11 05:19:34'),
(154, 1, 28, 'Request status Completed', 3, NULL, '2024-01-11 05:24:07', '2024-01-11 05:24:07'),
(155, 1, 69, 'Request status Accepted', 1, NULL, '2024-01-11 05:24:24', '2024-01-11 05:24:24'),
(156, 1, 28, 'Request status Rejected', 2, NULL, '2024-01-11 05:25:39', '2024-01-11 05:25:39'),
(157, 1, 28, 'Admin uploaded a file.', 0, 4, '2024-01-17 09:28:58', '2024-01-17 09:28:58'),
(158, 1, 28, 'Admin uploaded a file.', 0, 4, '2024-01-23 07:20:25', '2024-01-23 07:20:25'),
(159, 1, 28, 'Admin uploaded a file.', 0, 4, '2024-01-23 07:35:07', '2024-01-23 07:35:07'),
(160, 1, 28, 'Admin uploaded a file.', 0, 4, '2024-01-23 07:39:41', '2024-01-23 07:39:41'),
(161, 1, 28, 'Admin uploaded a file.', 0, 4, '2024-01-23 07:39:53', '2024-01-23 07:39:53'),
(162, 1, 28, 'Admin uploaded a file.', 0, 4, '2024-01-23 07:40:10', '2024-01-23 07:40:10'),
(163, 1, 28, 'Admin uploaded a file.', 0, 4, '2024-01-23 07:44:09', '2024-01-23 07:44:09'),
(164, 1, 28, 'Admin uploaded a file.', 0, 4, '2024-01-23 07:46:07', '2024-01-23 07:46:07'),
(165, 1, 28, 'Admin uploaded a file.', 0, 4, '2024-01-23 07:46:17', '2024-01-23 07:46:17'),
(166, 1, 28, 'Admin uploaded a file.', 0, 4, '2024-01-23 07:47:04', '2024-01-23 07:47:04'),
(167, 1, 28, 'Admin uploaded a file.', 0, 4, '2024-01-23 07:48:52', '2024-01-23 07:48:52'),
(168, 1, 28, 'Admin uploaded a file.', 0, 4, '2024-01-23 07:49:09', '2024-01-23 07:49:09'),
(169, 1, 28, 'Admin uploaded a file.', 0, 4, '2024-01-23 07:49:45', '2024-01-23 07:49:45'),
(170, 1, 28, 'Admin uploaded a file.', 0, 4, '2024-01-23 07:50:06', '2024-01-23 07:50:06'),
(171, 1, 28, 'Admin uploaded a file.', 0, 4, '2024-01-23 07:50:13', '2024-01-23 07:50:13'),
(172, 1, 28, 'Admin uploaded a file.', 0, 4, '2024-01-23 07:50:20', '2024-01-23 07:50:20'),
(173, 1, 28, 'Admin uploaded a file.', 0, 4, '2024-01-23 07:50:34', '2024-01-23 07:50:34'),
(174, 59, 1, 'user4 send a message.', 1, 3, '2024-03-04 07:40:23', '2024-03-04 09:16:13'),
(175, 59, 1, 'user4 send a message.', 1, 3, '2024-03-04 07:40:59', '2024-03-04 09:16:13'),
(176, 59, 1, 'user4 send a message.', 1, 3, '2024-03-04 07:44:15', '2024-03-04 09:16:13'),
(177, 59, 1, 'user4 send a message.', 1, 3, '2024-03-04 07:44:52', '2024-03-04 09:16:13'),
(178, 59, 1, 'user4 send a message.', 1, 3, '2024-03-04 07:45:43', '2024-03-04 09:16:13'),
(179, 59, 1, 'user4 send a message.', 1, 3, '2024-03-04 07:50:21', '2024-03-04 09:16:13'),
(180, 59, 1, 'user4 send a message.', 1, 3, '2024-03-04 07:50:39', '2024-03-04 09:16:13'),
(181, 59, 1, 'user4 send a message.', 1, 3, '2024-03-04 07:50:54', '2024-03-04 09:16:13'),
(182, 59, 1, 'user4 send a message.', 1, 3, '2024-03-04 07:55:28', '2024-03-04 09:16:13'),
(183, 59, 1, 'user4 send a message.', 1, 3, '2024-03-04 07:57:50', '2024-03-04 09:16:13'),
(184, 59, 1, 'user4 send a message.', 1, 3, '2024-03-04 07:58:04', '2024-03-04 09:16:13'),
(185, 59, 1, 'user4 send a message.', 1, 3, '2024-03-04 08:00:31', '2024-03-04 09:16:13'),
(186, 59, 1, 'user4 send a message.', 1, 3, '2024-03-04 08:02:31', '2024-03-04 09:16:13'),
(187, 59, 1, 'user4 send a message.', 1, 3, '2024-03-04 08:02:55', '2024-03-04 09:16:13'),
(188, 59, 1, 'user4 send a message.', 1, 3, '2024-03-04 08:04:10', '2024-03-04 09:16:13'),
(189, 59, 1, 'user4 send a message.', 1, 3, '2024-03-04 08:06:36', '2024-03-04 09:16:13'),
(190, 59, 1, 'user4 send a message.', 1, 3, '2024-03-04 08:08:55', '2024-03-04 09:16:13'),
(191, 59, 1, 'user4 send a message.', 1, 3, '2024-03-04 08:09:48', '2024-03-04 09:16:13'),
(192, 59, 1, 'user4 send a message.', 1, 3, '2024-03-04 08:10:16', '2024-03-04 09:16:13'),
(193, 59, 1, 'user4 send a message.', 1, 3, '2024-03-04 08:11:29', '2024-03-04 09:16:13'),
(194, 59, 1, 'user4 send a message.', 1, 3, '2024-03-04 08:12:23', '2024-03-04 09:16:13'),
(195, 59, 1, 'user4 send a message.', 1, 3, '2024-03-04 08:13:13', '2024-03-04 09:16:13'),
(196, 59, 1, 'user4 send a message.', 1, 3, '2024-03-04 08:13:36', '2024-03-04 09:16:13'),
(197, 59, 1, 'user4 send a message.', 1, 3, '2024-03-04 12:34:25', '2024-03-04 12:48:29'),
(198, 4, 1, 'user3 send a message.', 1, 3, '2024-03-05 06:45:35', '2024-03-05 07:15:39'),
(199, 4, 1, 'user3 send a message.', 1, 3, '2024-03-05 07:22:15', '2024-03-05 08:15:08'),
(200, 4, 1, 'user3 send a message.', 1, 3, '2024-03-05 07:23:48', '2024-03-05 08:15:08'),
(201, 4, 1, 'user3 send a message.', 1, 3, '2024-03-05 07:27:16', '2024-03-05 08:15:08'),
(202, 4, 1, 'user3 send a message.', 1, 3, '2024-03-05 07:37:34', '2024-03-05 08:15:08'),
(203, 4, 1, 'user3 send a message.', 1, 3, '2024-03-05 07:39:55', '2024-03-05 08:15:08'),
(204, 4, 1, 'user3 send a message.', 1, 3, '2024-03-05 07:42:07', '2024-03-05 08:15:08'),
(205, 4, 1, 'user3 send a message.', 1, 3, '2024-03-05 07:43:24', '2024-03-05 08:15:08'),
(206, 4, 1, 'user3 send a message.', 1, 3, '2024-03-05 07:46:02', '2024-03-05 08:15:08'),
(207, 4, 1, 'user3 send a message.', 1, 3, '2024-03-05 07:48:41', '2024-03-05 08:15:08'),
(208, 4, 1, 'user3 send a message.', 1, 3, '2024-03-05 07:54:58', '2024-03-05 08:15:08'),
(209, 4, 1, 'user3 send a message.', 1, 3, '2024-03-05 07:56:29', '2024-03-05 08:15:08'),
(210, 4, 1, 'user3 send a message.', 1, 3, '2024-03-05 07:59:32', '2024-03-05 08:15:08'),
(211, 4, 1, 'user3 send a message.', 1, 3, '2024-03-05 08:01:10', '2024-03-05 08:15:08'),
(212, 4, 1, 'user3 send a message.', 1, 3, '2024-03-05 09:55:27', '2024-03-05 10:12:12'),
(213, 4, 1, 'user3 send a message.', 1, 3, '2024-03-05 10:08:17', '2024-03-05 10:12:12'),
(214, 4, 1, 'user3 send a message.', 1, 3, '2024-03-05 10:10:25', '2024-03-05 10:12:12'),
(215, 4, 1, 'user3 send a message.', 1, 3, '2024-03-05 10:11:17', '2024-03-05 10:12:12'),
(216, 4, 1, 'user3 send a message.', 1, 3, '2024-03-05 10:12:53', '2024-03-05 10:41:48'),
(217, 4, 1, 'user3 send a message.', 1, 3, '2024-03-05 10:17:19', '2024-03-05 10:41:48'),
(218, 4, 1, 'user3 send a message.', 1, 3, '2024-03-05 10:24:29', '2024-03-05 10:41:48'),
(219, 4, 1, 'user3 send a message.', 1, 3, '2024-03-05 10:27:01', '2024-03-05 10:41:48'),
(220, 4, 1, 'user3 send a message.', 1, 3, '2024-03-05 10:27:55', '2024-03-05 10:41:48'),
(221, 4, 1, 'user3 send a message.', 1, 3, '2024-03-05 10:28:36', '2024-03-05 10:41:48'),
(222, 4, 1, 'user3 send a message.', 1, 3, '2024-03-05 10:34:10', '2024-03-05 10:41:48'),
(223, 4, 1, 'user3 send a message.', 1, 3, '2024-03-05 10:34:21', '2024-03-05 10:41:48'),
(224, 4, 1, 'user3 send a message.', 1, 3, '2024-03-05 10:34:44', '2024-03-05 10:41:48'),
(225, 4, 1, 'user3 send a message.', 1, 3, '2024-03-05 10:35:23', '2024-03-05 10:41:48'),
(226, 4, 1, 'user3 send a message.', 1, 3, '2024-03-05 10:37:27', '2024-03-05 10:41:48'),
(227, 4, 1, 'user3 send a message.', 1, 3, '2024-03-05 10:41:41', '2024-03-05 10:41:48'),
(228, 4, 1, 'user3 send a message.', 1, 3, '2024-03-05 10:43:36', '2024-03-06 06:07:14'),
(229, 4, 1, 'user3 send a message.', 1, 3, '2024-03-05 10:44:02', '2024-03-06 06:07:14'),
(230, 4, 1, 'user3 send a message.', 1, 3, '2024-03-06 06:06:48', '2024-03-06 06:07:14'),
(231, 4, 1, 'user3 send a message.', 1, 3, '2024-03-06 06:06:58', '2024-03-06 06:07:14'),
(232, 2, 1, 'User send a message.', 1, 3, '2024-03-07 06:39:20', '2024-03-07 07:23:47'),
(233, 2, 1, 'User send a message.', 1, 3, '2024-03-07 06:43:17', '2024-03-07 07:23:47'),
(234, 2, 1, 'User send a message.', 1, 3, '2024-03-07 07:05:15', '2024-03-07 07:23:47'),
(235, 2, 1, 'User send a message.', 1, 3, '2024-03-07 07:05:27', '2024-03-07 07:23:47'),
(236, 2, 1, 'User send a message.', 1, 3, '2024-03-07 07:09:25', '2024-03-07 07:23:47'),
(237, 2, 1, 'User send a message.', 1, 3, '2024-03-07 07:11:32', '2024-03-07 07:23:47'),
(238, 2, 1, 'User send a message.', 1, 3, '2024-03-07 07:12:31', '2024-03-07 07:23:47'),
(239, 2, 1, 'User send a message.', 1, 3, '2024-03-07 07:14:49', '2024-03-07 07:23:47'),
(240, 2, 1, 'User send a message.', 1, 3, '2024-03-07 07:16:06', '2024-03-07 07:23:47'),
(241, 2, 1, 'User send a message.', 1, 3, '2024-03-07 07:21:03', '2024-03-07 07:23:47'),
(242, 2, 1, 'User send a message.', 1, 3, '2024-03-07 07:21:44', '2024-03-07 07:23:47'),
(243, 4, 1, 'user3 send a message.', 1, 3, '2024-03-07 07:22:16', '2024-03-07 07:23:47'),
(244, 4, 1, 'user3 send a message.', 1, 3, '2024-03-07 07:23:01', '2024-03-07 07:23:47'),
(245, 4, 1, 'user3 send a message.', 1, 3, '2024-03-07 07:23:13', '2024-03-07 07:23:47');

-- --------------------------------------------------------

--
-- Table structure for table `properties`
--

CREATE TABLE `properties` (
  `id` int(11) NOT NULL,
  `user_id` int(11) NOT NULL,
  `title` varchar(255) NOT NULL,
  `property_type` varchar(255) NOT NULL,
  `property_status` tinyint(2) NOT NULL DEFAULT '0' COMMENT '0: Vacant, 1: Occupied',
  `location` varchar(255) NOT NULL,
  `latitude` varchar(255) NOT NULL,
  `longitude` varchar(255) NOT NULL,
  `area` varchar(255) NOT NULL,
  `description` text NOT NULL,
  `createdAt` timestamp NOT NULL DEFAULT CURRENT_TIMESTAMP,
  `updatedAt` timestamp NOT NULL DEFAULT CURRENT_TIMESTAMP ON UPDATE CURRENT_TIMESTAMP,
  `deletedAt` timestamp NULL DEFAULT NULL
) ENGINE=InnoDB DEFAULT CHARSET=latin1;

--
-- Dumping data for table `properties`
--

INSERT INTO `properties` (`id`, `user_id`, `title`, `property_type`, `property_status`, `location`, `latitude`, `longitude`, `area`, `description`, `createdAt`, `updatedAt`, `deletedAt`) VALUES
(1, 2, 'Premium House A24', 'House', 0, 'New York', '40.7128', '74.0060', '2500sqft', 'ved not only five centuries, but also the leap into electronic typesetting, remaining essentially u', '2023-11-23 10:02:04', '2023-11-23 10:06:02', NULL),
(2, 7, 'Test House ', 'House', 0, 'Mohali, Punjab', '30.7046', '76.7179', '200sqft', 'test', '2023-12-05 06:27:52', '2023-12-05 06:27:52', NULL),
(3, 7, 'Test House 2', 'House 2', 0, 'Mohali, Punjab ', '30.7046', '76.7179', '200sqft', 'test', '2023-12-05 07:20:40', '2024-01-02 07:17:34', '2024-01-02 07:17:34'),
(4, 11, 'Test House 2', 'House 2', 0, 'Mohali, Punjab', '30.7046', '76.7179', '200sqft', 'test', '2023-12-22 10:46:15', '2023-12-22 10:46:15', NULL),
(5, 21, 'AbC', 'Townhouse', 0, 'Mohali, Punjab, India', '30.7046486', '76.71787259999999', '250', 'sdhfgdjs ksjdfhksd kjsfk', '2023-12-26 07:35:23', '2023-12-26 07:35:23', NULL),
(6, 22, 'mohali', 'Bungalow', 0, 'Indianapolis, IN, USA', '39.768403', '-86.158068', '150', 'ewe rear vrwr5gb', '2023-12-26 07:50:47', '2023-12-26 07:50:47', NULL),
(7, 23, 'Mohali Property', 'Cottage', 0, 'Mohali, Punjab, India', '30.7046486', '76.71787259999999', '250', 'This is test description', '2023-12-26 09:22:19', '2023-12-26 09:22:19', NULL),
(8, 25, 'mohali', 'Bungalow', 0, 'Mohali, Punjab, India', '30.7046486', '76.71787259999999', '150', 'trga', '2023-12-26 12:26:52', '2023-12-26 12:26:52', NULL),
(9, 26, 'shimla', 'Villa', 0, 'Shimla, Himachal Pradesh, India', '31.1048145', '77.17340329999999', '160', 'dcs d ds', '2023-12-26 12:39:31', '2024-01-02 07:19:17', '2024-01-02 07:19:17'),
(10, 28, 'jheel', 'Cottage', 0, 'Sukhna Lake, Sector 1, Chandigarh', '30.7421379', '76.8187557', '2000', 'shvas sdvd DTC', '2023-12-26 13:04:45', '2024-01-04 09:30:01', '2024-01-04 09:30:01'),
(11, 28, 'my property', 'Bungalow', 0, 'Mohali, Punjab, India', '30.7046486', '76.71787259999999', '20000', 'appease dskjfb dmsjbf. dsfdsjbf dsfn', '2023-12-27 05:01:00', '2024-01-04 13:07:10', '2024-01-04 13:07:10'),
(12, 26, 'asdf', 'Apartment', 0, 'LSU Tiger Stadium, Baton Rouge, LA, USA', '30.412035', '-91.18381629999999', '20000', 'sahie\nnakaam banane s', '2023-12-27 05:54:38', '2024-01-02 07:20:14', '2024-01-02 07:20:14'),
(13, 26, 'House', 'Bungalow', 0, 'Mohali, Punjab, India', '30.7046486', '76.71787259999999', '2550', 'sadas bhi hi hun bhin', '2023-12-27 06:15:27', '2024-01-02 07:10:48', '2024-01-02 07:10:48'),
(14, 29, 'title', 'Apartment', 0, 'Mohali, Punjab, India', '30.7046486', '76.71787259999999', '2000', 'Iyengar inured. ouch  shy sudfyg. write uiuert. Im out try', '2023-12-27 10:08:16', '2023-12-27 10:08:16', NULL),
(15, 30, 'hjkkl;', 'Apartment', 0, 'Asda Park Royal Superstore, Western Road, London, UK', '51.52781', '-0.2698899999999999', '23520', 'asdasdasd', '2023-12-27 10:17:17', '2023-12-27 10:17:17', NULL),
(16, 32, 'house', 'Townhouse', 0, 'Mohali, Punjab, India', '30.7046486', '76.71787259999999', '500', 'vzjzhdujs', '2023-12-27 11:03:39', '2023-12-27 11:03:39', NULL),
(17, 32, 'proeprty', 'Townhouse', 0, 'Mohali, Punjab, India', '30.7046486', '76.71787259999999', '80', 'vababsbbss', '2023-12-27 11:19:34', '2023-12-27 11:19:34', NULL),
(18, 33, 'property1', 'Townhouse', 0, 'Mohali 7 Phase, Sector 61, Sahibzada Ajit Singh Nagar, Punjab, India', '30.7017355', '76.7247759', '500', 'vsbzjdj', '2024-01-01 10:02:15', '2024-01-01 10:02:15', NULL),
(19, 34, 'Charming', 'Bungalow', 0, 'Mohali, Punjab, India', '30.7046486', '76.71787259999999', '1200', '123456', '2024-01-02 05:56:05', '2024-01-03 10:19:41', '2024-01-03 10:19:41'),
(20, 26, 'qwertyuiop 121', 'Apartment', 0, 'Mohali 7 Phase, Sector 61, Sahibzada Ajit Singh Nagar, Punjab, India', '30.7017355', '76.7247759', '2000', 'asdadd', '2024-01-02 07:33:08', '2024-01-02 07:33:16', '2024-01-02 07:33:16'),
(21, 26, 'asdasdasdasd', 'Apartment', 0, 'adasasdasd, Blok H4-H5, Kadungwringin, Batursari, Demak Regency, Central Java, Indonesia', '-7.0301889', '110.4968507', '324234234', 'efdsfdsf', '2024-01-02 07:35:16', '2024-01-02 07:35:40', '2024-01-02 07:35:40'),
(22, 26, 'qwertyuiolkjn', 'Apartment', 0, 'Mohakhali, Dhaka, Bangladesh', '23.7777571', '90.40574079999999', '12352', 'jhhbnbbn', '2024-01-02 07:38:11', '2024-01-02 07:38:33', '2024-01-02 07:38:33'),
(23, 26, 'adsadas', 'Apartment', 0, 'Monaco', '43.73841760000001', '7.424615799999999', '12350', 'sadasdasd', '2024-01-02 07:39:51', '2024-01-02 07:40:26', '2024-01-02 07:40:26'),
(24, 26, 'qkjhgfdx', 'Apartment', 0, 'Chuchat Yakma', '33.9916038', '77.28543859999999', '1250', '115g4fv4', '2024-01-02 07:41:56', '2024-01-02 07:42:00', '2024-01-02 07:42:00'),
(25, 26, 'asdasdasd', 'Apartment', 0, 'asdasdasd - Rua Santos Dumont - Jd Bandeirantes, Pederneiras - State of So Paulo, Brazil', '-22.3487676', '-48.7797426', '12121', 'asdasdasd', '2024-01-02 07:48:37', '2024-01-02 07:51:25', '2024-01-02 07:51:25'),
(26, 26, 'sdasdasdasd', 'Apartment', 0, 'Ubi Road 4, SDAS (Sime Darby Auto Selection), Singapore', '1.334066', '103.899315', '1250', 'sadasdasd', '2024-01-02 07:48:59', '2024-01-02 07:51:30', '2024-01-02 07:51:30'),
(27, 26, 'qwertyuio', 'Bungalow', 0, 'Runion', '-21.115141', '55.536384', '654', 'rgfcv', '2024-01-02 09:35:09', '2024-01-02 11:44:37', '2024-01-02 11:44:37'),
(28, 35, 'property1', 'Villa', 0, 'Mohali, Punjab, India', '30.7046486', '76.71787259999999', '58', 'test test test', '2024-01-02 10:49:01', '2024-01-02 10:52:54', '2024-01-02 10:52:54'),
(29, 35, 'prop', 'Townhouse', 0, 'Mohali, Punjab, India', '30.7046486', '76.71787259999999', '500', 'chjv', '2024-01-02 10:58:33', '2024-01-02 11:40:06', '2024-01-02 11:40:06'),
(30, 36, 'prop12', 'Bungalow', 0, 'Mohali, Punjab, India', '30.7046486', '76.71787259999999', '600', 'test', '2024-01-02 11:00:24', '2024-01-02 11:00:24', NULL),
(31, 35, 'abc', 'Townhouse', 0, 'Mohali, Punjab, India', '30.7046486', '76.71787259999999', '80000966', 'zgghddh', '2024-01-02 11:41:49', '2024-01-02 11:41:49', NULL),
(32, 26, 'asdfgh', 'Apartment', 0, 'Mohali, Punjab, India', '30.7046486', '76.71787259999999', '123456', 'likhne bhbh bhagn', '2024-01-02 11:44:30', '2024-01-02 11:44:40', '2024-01-02 11:44:40'),
(33, 36, 'bb', 'Bungalow', 0, 'Mohali, Punjab, India', '30.7046486', '76.71787259999999', '800', 'avbshzjdjdjdjd', '2024-01-02 11:52:05', '2024-01-02 11:52:05', NULL),
(34, 26, 'as', 'Apartment', 0, 'Asheville, NC, USA', '35.5950581', '-82.5514869', '12345', 'as', '2024-01-02 11:52:08', '2024-01-08 07:32:07', '2024-01-08 07:32:07'),
(35, 39, 'Proprty Title', 'Villa', 0, 'Mohali, Punjab, India', '30.7046486', '76.71787259999999', '12500', 'Lorena  bhi bhi bhi bhi bhinn bhii iugivbn Uyghurs uyghjbn unhonne uyghbn uthin uhjn Gunjan yhjbn hun bhin hon ugun ubhjbn unhinging gvb. bugbane iujhn uyghjbn bhin Guhan ghan nhbn havan ghvb ghaav hgvbn guh ban iujhbn dfxcv unhonne', '2024-01-03 06:05:51', '2024-01-03 12:20:07', NULL),
(36, 43, 'prop one', 'Bungalow', 0, 'Mohan Nagar, Ghaziabad, Uttar Pradesh, India', '28.672818', '77.3862836', '500', 'tedt', '2024-01-03 07:10:10', '2024-01-03 07:10:10', NULL),
(37, 44, 'prop1', 'Apartment', 0, 'Mohali, Punjab, India', '30.7046486', '76.71787259999999', '600', 'test tets test', '2024-01-03 10:16:06', '2024-01-03 10:54:39', '2024-01-03 10:54:39'),
(38, 34, 'dsafs', 'Apartment', 0, 'Mohali, Punjab, India', '30.7046486', '76.71787259999999', '1200', 'dsfasf', '2024-01-03 10:20:17', '2024-01-03 11:11:30', '2024-01-03 11:11:30'),
(39, 44, 'prop', 'Cottage', 0, 'Mohali, Punjab, India', '30.7046486', '76.71787259999999', '500', 'test test', '2024-01-03 10:56:42', '2024-01-03 10:56:57', '2024-01-03 10:56:57'),
(40, 44, 'abx', 'Townhouse', 0, 'Mohali, Punjab, India', '30.7046486', '76.71787259999999', '600', 'test', '2024-01-03 11:03:46', '2024-01-03 11:03:46', NULL),
(41, 34, 'fgds', 'Bungalow', 0, 'Mohali, Punjab, India', '30.7046486', '76.71787259999999', '12000', 'dsfsafsaf', '2024-01-03 11:12:21', '2024-01-03 11:27:41', '2024-01-03 11:27:41'),
(42, 34, 'dsfasdf', 'Apartment', 0, 'Mohali, Punjab, India', '30.7046486', '76.71787259999999', '12000', 'dsafsdaf', '2024-01-03 11:28:21', '2024-01-03 12:04:08', '2024-01-03 12:04:07'),
(43, 44, 'pop123', 'Apartment', 0, 'Mohali, Punjab, India', '30.7046486', '76.71787259999999', '500', 'hsjs', '2024-01-03 11:46:25', '2024-01-03 11:46:25', NULL),
(44, 34, 'sdfdsf', 'Apartment', 0, 'Mohali, Punjab, India', '30.7046486', '76.71787259999999', '1200', 'fgdfg', '2024-01-03 12:07:34', '2024-01-03 12:16:45', NULL),
(45, 44, 'gg', 'Townhouse', 0, 'Mohali, Punjab, India', '30.7046486', '76.71787259999999', '80', 'tshsjs', '2024-01-03 12:10:06', '2024-01-03 12:10:06', NULL),
(46, 45, 'home', 'Bungalow', 0, 'Mohali, Punjab, India', '30.7046486', '76.71787259999999', '600', 'test test test', '2024-01-04 06:24:19', '2024-01-04 06:24:19', NULL),
(47, 45, 'property 123', 'Bungalow', 0, 'Mohali, Punjab, India', '30.7046486', '76.71787259999999', '800', 'test', '2024-01-04 06:43:46', '2024-01-04 07:12:17', '2024-01-04 07:12:17'),
(48, 46, 'prop', 'Bungalow', 0, 'Mohali, Punjab, India', '30.7046486', '76.71787259999999', '900', 'test', '2024-01-04 08:09:59', '2024-01-04 09:23:40', '2024-01-04 09:23:40'),
(49, 46, 'property', 'Bungalow', 0, 'Mohali 7 Phase, Sector 61, Sahibzada Ajit Singh Nagar, Punjab, India', '30.7017355', '76.7247759', '66888', 'fghh', '2024-01-04 09:41:47', '2024-01-04 09:41:47', NULL),
(50, 46, 'anc', 'Townhouse', 0, 'Mohali Airport Chowk, Gmada Aerocity, Punjab', '30.642751', '76.7537301', '900', 'test', '2024-01-04 10:02:31', '2024-01-04 10:02:31', NULL),
(51, 46, 'title1', 'Bungalow', 0, 'Mohali Bus Stand, Mohali Bypass, Phase 6, Sector 58, Sahibzada Ajit Singh Nagar, Punjab, India', '30.7316253', '76.7054785', '900', 'tegehr', '2024-01-04 10:23:10', '2024-01-04 10:23:10', NULL),
(52, 28, 'Title 123', 'Apartment', 0, 'Mohali, Punjab, India', '30.7046486', '76.71787259999999', '1800', 'ssss.     it. uth g bh bhuhuhuh g bh b tv hgvtf v u it ufv', '2024-01-04 13:08:37', '2024-01-05 11:27:43', '2024-01-05 11:27:43'),
(53, 48, 'Shimla wali kothi', 'Bungalow', 0, 'Shahi Majra, Industrial Area, Sector 58, Sahibzada Ajit Singh Nagar, Punjab, India', '30.720394', '76.70731599999999', '1800', 'sdfdsfijkndmsfbdsujkuodsfkjdsbfdksjf dfs daddys daddys deaf deaf dsfdsfds dfs df dsfdsfds dsfdsfds dsfdsfds dsf deaf dsfdsfds dsfdsfds dsfdsfds dsf', '2024-01-05 05:39:10', '2024-01-05 09:04:50', '2024-01-05 09:04:50'),
(54, 49, 'property priperty', 'Apartment', 0, 'Mohali, Punjab, India', '30.7046486', '76.71787259999999', '600', 'test test test test', '2024-01-05 08:05:03', '2024-01-05 08:12:44', '2024-01-05 08:12:44'),
(55, 49, 'zz', 'Bungalow', 0, 'Mohali, Punjab, India', '30.7046486', '76.71787259999999', '87976868', 'gshshshdhd', '2024-01-05 08:14:31', '2024-01-05 09:10:29', '2024-01-05 09:10:29'),
(56, 49, 'bb', 'Townhouse', 0, 'Mohali, Punjab, India', '30.7046486', '76.71787259999999', '900', 'test test', '2024-01-05 09:11:18', '2024-01-05 09:11:29', '2024-01-05 09:11:29'),
(57, 48, 'Title', 'Bungalow', 0, 'Dfg, Kennedyallee, Bonn, Germany', '50.69933859999999', '7.147720099999999', '43534', 'dfgfdg', '2024-01-05 09:12:31', '2024-01-05 09:19:48', '2024-01-05 09:19:48'),
(58, 49, 'mnb', 'Cottage', 0, 'Mohali 7 Phase, Sector 61, Sahibzada Ajit Singh Nagar, Punjab, India', '30.7017355', '76.7247759', '900', 'vshsjsjsbkskshsjschfuxyfyfuyxxychchhccuccuuuffuufffufufuujgfucucuigugugufuufufuffufuifigigugugugguiggigugugugucududuydfjfuydfufshsjsjsbkskshsjschfuxyfyfuyxxychchhccuccuuuffuufffufufuujgfucucuigugugufuufufuffufuifigigugugugguiggigugugugucududuydfjfuydfufuufffifigiigfjvufufufufufigigiggiiggiiiggiigifufuffufuufufufufuffufufufufifiififififififififigiufi', '2024-01-05 09:13:28', '2024-01-05 09:29:33', NULL),
(59, 49, 'jyd', 'Bungalow', 0, 'Tsitsikamma National Park, South Africa', '-34.0117963', '24.0164525', '5283', 'ycucc', '2024-01-05 09:17:42', '2024-01-05 09:17:42', NULL),
(60, 48, 'asdasdasd', 'Bungalow', 0, 'Asheville, NC, USA', '35.5950581', '-82.5514869', '345345', 'sdasd', '2024-01-05 09:22:07', '2024-01-05 09:23:55', '2024-01-05 09:23:55'),
(61, 48, 'erewrewr', 'Bungalow', 0, 'Erfurt, Germany', '50.98476789999999', '11.0298799', '34', 'er', '2024-01-05 09:22:29', '2024-01-05 09:27:25', '2024-01-05 09:27:25'),
(62, 48, 'ertret', 'Villa', 0, 'Eritrea', '15.179384', '39.782334', '345', 'dfgd', '2024-01-05 09:23:05', '2024-01-05 09:26:30', '2024-01-05 09:26:30'),
(63, 48, 'jcsh', 'Bungalow', 0, 'Sju, Gleraugnaverslun, Hverfisgata, Reykjavk, Iceland', '64.14572009999999', '-21.9263764', '3267', 'dhsgjhj', '2024-01-05 09:28:36', '2024-01-05 09:28:58', '2024-01-05 09:28:58'),
(64, 48, 'sdfff', 'Bungalow', 0, 'DFF - Deutsches Filminstitut & Filmmuseum, Schaumainkai, Frankfurt am Main Sd, Germany', '50.10508629999999', '8.677679699999997', '34234', 'dfs', '2024-01-05 09:29:50', '2024-01-05 09:30:20', '2024-01-05 09:30:20'),
(65, 48, 'erew', 'Apartment', 0, 'Erewhon, Santa Monica Boulevard, Los Angeles, CA, USA', '34.0920978', '-118.2824281', '324', 'erewr', '2024-01-05 09:30:12', '2024-01-05 09:31:15', '2024-01-05 09:31:15'),
(66, 53, 'prop99', 'Townhouse', 0, 'Mohali, Punjab, India', '30.7046486', '76.71787259999999', '9000', 'test test test test test', '2024-01-05 09:43:37', '2024-01-05 09:53:35', '2024-01-05 09:53:35'),
(67, 53, 'abc', 'Townhouse', 0, 'Mohali, Punjab, India', '30.7046486', '76.71787259999999', '896', 'test', '2024-01-05 09:53:01', '2024-01-05 09:53:41', '2024-01-05 09:53:41'),
(68, 53, 'vbhj', 'Townhouse', 0, 'Mo?oaia, Romania', '44.8323999', '24.7757552', '9908', 'test', '2024-01-05 09:55:13', '2024-01-05 09:55:13', NULL),
(69, 48, 'Osm property', 'Bungalow', 0, 'FDR Park, South Broad Street, Philadelphia, PA, USA', '39.90213749999999', '-75.1838075', '34535', 'fgggdf', '2024-01-05 09:58:23', '2024-01-05 10:43:34', '2024-01-05 10:43:34'),
(70, 48, 'DON Ko pakadna namumkin hai', 'Villa', 0, 'DSF GRAND PLAZA, Rathna Colony, Thoothukudi, Tamil Nadu, India', '8.8019444', '78.1461111', '232321', 'dsfdsfds', '2024-01-05 10:44:44', '2024-01-05 10:44:44', NULL),
(71, 28, 'sdada', 'Townhouse', 0, 'Sderot, Israel', '31.52269399999999', '34.595581', '324', 'sdfds', '2024-01-05 12:10:25', '2024-01-05 12:10:25', NULL),
(72, 28, 'dfs', 'Bungalow', 0, 'Delhi, India', '28.7040592', '77.10249019999999', '5345', 'gfgfgd fg fg', '2024-01-05 12:10:54', '2024-01-05 12:10:54', NULL),
(73, 54, 'property123456', 'Bungalow', 0, 'Mohali, Punjab, India', '30.7046486', '76.71787259999999', '900', 'test', '2024-01-05 13:32:20', '2024-01-05 13:32:20', NULL),
(74, 55, 'prop9', 'Cottage', 0, 'Mohali Airport Chowk, Gmada Aerocity, Punjab', '30.642751', '76.7537301', '9000', 'vsjsjjsns', '2024-01-05 13:55:01', '2024-01-05 13:55:01', NULL),
(75, 26, 'avinash', 'Apartment', 0, 'Shahi Majra, Industrial Area, Sector 58, Sahibzada Ajit Singh Nagar, Punjab, India', '30.720394', '76.70731599999999', '18000', 'kjh', '2024-01-08 08:05:43', '2024-01-08 13:33:51', '2024-01-08 13:33:51'),
(76, 56, 'land1234', 'Townhouse', 0, 'Mohali 7 Phase, Sector 61, Sahibzada Ajit Singh Nagar, Punjab, India', '30.7017355', '76.7247759', '900976767', 'bsjshjyjynxjxjyjx', '2024-01-08 09:12:17', '2024-01-08 09:15:31', NULL),
(77, 57, 'builder', 'Bungalow', 0, 'Mohali 7 Phase, Sector 61, Sahibzada Ajit Singh Nagar, Punjab, India', '30.7017355', '76.7247759', '900', 'gyhyjykyjx', '2024-01-08 10:52:01', '2024-01-08 10:52:49', NULL),
(78, 58, 'builder1234', 'Townhouse', 0, 'Mohali 7 Phase, Sector 61, Sahibzada Ajit Singh Nagar, Punjab, India', '30.7017355', '76.7247759', '60080', 'tes test test', '2024-01-08 11:45:56', '2024-01-08 11:51:56', '2024-01-08 11:51:56'),
(79, 58, 'building77', 'Apartment', 0, 'Mohali 7 Phase, Sector 61, Sahibzada Ajit Singh Nagar, Punjab, India', '30.7017355', '76.7247759', '3000000', 'vajsksksjsksksgsjsbsjhshsjsjjsjsjsjjshdhdhdhddjhdjdjdjdjdhdjjdjdjdjjdjdjkdjdjdjddnjdjddjdfjjdjdkfjdjdjdjdmdndndmdmmfmdkfkkfkfkfmfmfmndm', '2024-01-08 11:53:04', '2024-01-08 12:13:51', NULL),
(80, 61, 'title', 'Apartment', 0, 'Mohali, Punjab, India', '30.7046486', '76.71787259999999', '1200', 'fhwhjrm', '2024-01-08 12:57:50', '2024-01-08 13:37:20', NULL),
(81, 26, 'review', 'Apartment', 0, 'Mohali, Punjab, India', '30.7046486', '76.71787259999999', '1200', 'cffsfd', '2024-01-08 13:34:37', '2024-01-08 13:35:40', NULL),
(82, 62, 'prop556555', 'Apartment', 0, 'Mohali 7 Phase, Sector 61, Sahibzada Ajit Singh Nagar, Punjab, India', '30.7017355', '76.7247759', '80000', 'vsjsjskhshsjsbsjsjjdjdjdjjdhdhdhbdbdbdbdbbdnndndndndnndndndnndndjdjdjjdjdjdjjdjdjdjdjjdjf', '2024-01-09 05:11:07', '2024-01-09 07:43:20', '2024-01-09 07:43:20'),
(83, 62, 'jj', 'Apartment', 0, 'Mohali, Punjab, India', '30.7046486', '76.71787259999999', '97070797', 'sghshehrf', '2024-01-09 05:40:54', '2024-01-09 06:19:51', '2024-01-09 06:19:51'),
(84, 62, 'abcd', 'Cottage', 0, 'Cancn, Quintana Roo, Mexico', '21.161908', '-86.8515279', '8454648465', 'bsjsjsjsjsjsjsjjddsususushshshhshshshdhdhdhdhd', '2024-01-09 07:45:25', '2024-01-09 07:45:25', NULL),
(85, 63, 'prop99', 'Townhouse', 0, 'Mohali 7 Phase, Sector 61, Sahibzada Ajit Singh Nagar, Punjab, India', '30.7017355', '76.7247759', '600', 'test test test test', '2024-01-09 11:48:37', '2024-01-09 11:48:37', NULL),
(86, 64, 'Jagadhri Town', 'Apartment', 0, 'Mohali, Punjab, India', '30.7046486', '76.71787259999999', '1500', 'sdsdssd', '2024-01-09 12:22:46', '2024-01-09 12:22:46', NULL),
(87, 67, 'Prop000000', 'Apartment', 0, 'Mohali Airport Chowk, Gmada Aerocity, Punjab', '30.642751', '76.7537301', '90000', 'cshzjshsksnsndjxjnxnd', '2024-01-09 13:17:09', '2024-01-09 13:17:09', NULL),
(88, 68, 'Abc', 'Townhouse', 0, 'Mohali, Punjab, India', '30.7046486', '76.71787259999999', '60000', 'test test', '2024-01-09 13:44:01', '2024-01-09 13:44:01', NULL),
(89, 69, 'Tets', 'Apartment', 0, 'Mohali 7 Phase, Sector 61, Sahibzada Ajit Singh Nagar, Punjab, India', '30.7017355', '76.7247759', '97676', 'gsjsjs', '2024-01-09 13:59:13', '2024-01-09 13:59:13', NULL),
(90, 69, 'Bsjs', 'Cottage', 0, 'Mohali 7 Phase, Sector 61, Sahibzada Ajit Singh Nagar, Punjab, India', '30.7017355', '76.7247759', '979797', 'Ghshs', '2024-01-09 14:01:35', '2024-01-09 14:01:35', NULL),
(91, 3, 'Test House 2', 'House 2', 0, 'Mohali, Punjab ', '30.7046', '76.7179', '200sqft', 'test', '2024-04-04 07:26:54', '2024-04-04 07:28:39', NULL);

-- --------------------------------------------------------

--
-- Table structure for table `property_images`
--

CREATE TABLE `property_images` (
  `id` int(11) NOT NULL,
  `property_id` int(11) NOT NULL,
  `image` varchar(255) NOT NULL,
  `createdAt` timestamp NOT NULL DEFAULT CURRENT_TIMESTAMP,
  `updatedAt` timestamp NOT NULL DEFAULT CURRENT_TIMESTAMP ON UPDATE CURRENT_TIMESTAMP
) ENGINE=InnoDB DEFAULT CHARSET=latin1;

--
-- Dumping data for table `property_images`
--

INSERT INTO `property_images` (`id`, `property_id`, `image`, `createdAt`, `updatedAt`) VALUES
(1, 1, 'gfnbv', '2023-11-23 11:47:14', '2023-11-23 11:47:14'),
(2, 1, 'gfnbv', '2023-11-23 11:47:14', '2023-11-23 11:47:14'),
(3, 2, '1FJ4DB5D482563818K689386J046.jpg', '2023-12-05 06:27:52', '2023-12-05 06:27:52'),
(4, 2, 'KD5EH1B92BFKGHFG40C4J56KH20B.jpg', '2023-12-05 06:27:52', '2023-12-05 06:27:52'),
(5, 2, 'D6CE3JH9DB4J5K9GC78D0GJ4FB75.jpg', '2023-12-05 06:27:52', '2023-12-05 06:27:52'),
(8, 3, '7K67C3CJKCH8GH35BFC0K8K0DCHJ.jpg', '2023-12-05 07:20:41', '2023-12-05 07:20:41'),
(9, 3, '78J8DE298G5K6K8181F9F9F2JCBH.jpg', '2023-12-05 12:03:31', '2023-12-05 12:03:31'),
(10, 4, '6J28E6CGCEG2480H7B48DCJ9F5J0.png', '2023-12-22 10:46:15', '2023-12-22 10:46:15'),
(11, 4, 'BK5D0BCD1GJC32K1G0ECE6K6J83G.png', '2023-12-22 10:46:16', '2023-12-22 10:46:16'),
(12, 4, '6243ED3E3C316J0GBEC4HGF9KC57.png', '2023-12-22 10:46:16', '2023-12-22 10:46:16'),
(13, 5, 'KJ36H396B7546G5E0J9B62531869.jpg', '2023-12-26 07:35:23', '2023-12-26 07:35:23'),
(14, 5, 'J475J0K0265D47CJ237GDK86FB1C.jpg', '2023-12-26 07:35:23', '2023-12-26 07:35:23'),
(15, 5, '2HCEGD07DC4B87JBDGKJB7D2K5K8.jpg', '2023-12-26 07:35:23', '2023-12-26 07:35:23'),
(16, 6, 'DJ963KDC9GEDK532D6BH86FKE803.jpg', '2023-12-26 07:50:47', '2023-12-26 07:50:47'),
(17, 6, 'JC041DHDG29EGE258J0G13EK638K.png', '2023-12-26 07:50:47', '2023-12-26 07:50:47'),
(18, 6, '23GHC1FHEFG59467B36B3683D6F0.jpg', '2023-12-26 07:50:47', '2023-12-26 07:50:47'),
(19, 7, 'DC3J328FJ35J7DC21BC705H6GKJE.jpg', '2023-12-26 09:22:19', '2023-12-26 09:22:19'),
(20, 7, '2KF5BJ9C0E5DJ5D2HG80CBGJ17CJ.jpg', '2023-12-26 09:22:19', '2023-12-26 09:22:19'),
(21, 7, '14C5C39782J64CH9FB878G3H9JF9.jpg', '2023-12-26 09:22:19', '2023-12-26 09:22:19'),
(22, 8, 'DH32G1GEJB04JH49KJ63FBD31D36.jpg', '2023-12-26 12:26:52', '2023-12-26 12:26:52'),
(23, 8, '4CFDG9G9GED313138F32KE5EGE19.jpg', '2023-12-26 12:26:52', '2023-12-26 12:26:52'),
(24, 8, '7241462B05G60KG056323D5HB40J.jpg', '2023-12-26 12:26:52', '2023-12-26 12:26:52'),
(25, 9, 'JBHJB74H8H07CGKC351KH94E9015.jpg', '2023-12-26 12:39:31', '2023-12-26 12:39:31'),
(26, 9, '716H42C8KCB1546BJ89285HJ3J38.jpg', '2023-12-26 12:39:31', '2023-12-26 12:39:31'),
(27, 9, '1JCGD7EF321F2F9CH86FC8796B07.jpg', '2023-12-26 12:39:32', '2023-12-26 12:39:32'),
(28, 10, '0ED8248D94D0B856GEC53H1ECBEK.jpg', '2023-12-26 13:04:45', '2023-12-26 13:04:45'),
(29, 10, 'KEH53C960F098DBFE2H9G7CEJ4C9.jpg', '2023-12-26 13:04:45', '2023-12-26 13:04:45'),
(30, 10, 'B7C27J4CDG0H9H546G9BGEGF604E.jpg', '2023-12-26 13:04:45', '2023-12-26 13:04:45'),
(31, 11, 'GCGKJ10KBEG1CH35H09CB1F6324B.jpg', '2023-12-27 05:01:01', '2023-12-27 05:01:01'),
(32, 11, '5890F61901E9HK72CJK073FG43EG.jpg', '2023-12-27 05:01:01', '2023-12-27 05:01:01'),
(33, 11, '7BGCE7623JCD723H703GDBGJG028.png', '2023-12-27 05:01:02', '2023-12-27 05:01:02'),
(34, 12, '342CJC4602J1G52451JFJK43HBH1.jpg', '2023-12-27 05:54:38', '2023-12-27 05:54:38'),
(35, 12, '8GH4EF0HJC2061HG1J42D4787JED.jpg', '2023-12-27 05:54:39', '2023-12-27 05:54:39'),
(36, 12, 'GD0C8K18C153GKDJK1872JF7G3KG.jpg', '2023-12-27 05:54:39', '2023-12-27 05:54:39'),
(37, 13, 'J72182J39EFJ6J3KF289793F3108.jpg', '2023-12-27 06:15:27', '2023-12-27 06:15:27'),
(38, 13, '01E95K15J5604847KEG45G01516F.jpg', '2023-12-27 06:15:28', '2023-12-27 06:15:28'),
(39, 13, 'E495GHDC15K7GKDJ53KC814FC3BE.jpg', '2023-12-27 06:15:28', '2023-12-27 06:15:28'),
(40, 14, '37DB6246EDHG4F29E256JH79B6J6.jpg', '2023-12-27 10:08:16', '2023-12-27 10:08:16'),
(41, 14, 'C265GB69BG845B681E9JGE5JG2GH.jpg', '2023-12-27 10:08:17', '2023-12-27 10:08:17'),
(42, 14, 'KDF6G5606JKHB0EDE2756204EFC6.jpg', '2023-12-27 10:08:17', '2023-12-27 10:08:17'),
(43, 15, '4743K286CJK9KBJFBKDEKCG1F32C.jpg', '2023-12-27 10:17:17', '2023-12-27 10:17:17'),
(44, 15, 'G71DGE5JHEJG3CHEKE7H90D98JH8.jpg', '2023-12-27 10:17:18', '2023-12-27 10:17:18'),
(45, 15, 'H8H9B32JF0CD4EJEG401BK2D5JG0.jpg', '2023-12-27 10:17:18', '2023-12-27 10:17:18'),
(46, 16, 'K28G46E1K2K034C9C5D4JD16FDH1.png', '2023-12-27 11:03:39', '2023-12-27 11:03:39'),
(47, 16, 'G39J9K2509C4J1J2FH85FK918371.png', '2023-12-27 11:03:39', '2023-12-27 11:03:39'),
(48, 16, 'JFJ2H5K498D30JD29JH49F307JF2.png', '2023-12-27 11:03:39', '2023-12-27 11:03:39'),
(49, 17, 'D187D3HFG97C862B6G3H75JCJ7GJ.png', '2023-12-27 11:19:34', '2023-12-27 11:19:34'),
(50, 17, '45E919GK03C7FGJCBDK39G0HK342.png', '2023-12-27 11:19:34', '2023-12-27 11:19:34'),
(51, 17, '5895D3C0FK2K12JB80C1FKFBKECF.png', '2023-12-27 11:19:34', '2023-12-27 11:19:34'),
(52, 18, 'B3H21CD39K5F6H5GCK0H29152G15.png', '2024-01-01 10:02:15', '2024-01-01 10:02:15'),
(53, 18, '9H2B64BD8H0C8JF7BGFKHJ7BG4C4.jpg', '2024-01-01 10:02:16', '2024-01-01 10:02:16'),
(54, 18, '3KFDB6J91CE2362JF1B601BG3E6C.jpg', '2024-01-01 10:02:16', '2024-01-01 10:02:16'),
(55, 19, 'H438950E624FB21DFD84E1698H32.jpg', '2024-01-02 05:56:05', '2024-01-02 05:56:05'),
(56, 19, 'HC39K2679F63D8H3FKJ1DGEF5B5H.jpg', '2024-01-02 05:56:05', '2024-01-02 05:56:05'),
(57, 19, '05H5DG3BED303C67154H25165B3D.jpg', '2024-01-02 05:56:05', '2024-01-02 05:56:05'),
(58, 20, '8G2E6D61JE89087JH6CJKBEDH730.jpg', '2024-01-02 07:33:09', '2024-01-02 07:33:09'),
(59, 20, 'EK7F4FEC45GBHB8314EB3J71GDGC.jpg', '2024-01-02 07:33:09', '2024-01-02 07:33:09'),
(60, 20, '3J7DE6G8B5GE9DB4F9FE821DH8H1.jpg', '2024-01-02 07:33:09', '2024-01-02 07:33:09'),
(61, 21, 'HK5C3H612JC4109GE18DK3F86KD2.jpg', '2024-01-02 07:35:16', '2024-01-02 07:35:16'),
(62, 21, 'G397F1K3DK13K06B946DG6567KBE.jpg', '2024-01-02 07:35:16', '2024-01-02 07:35:16'),
(63, 21, 'H45H9D3G9B0EC2682845FJ147F9B.jpg', '2024-01-02 07:35:16', '2024-01-02 07:35:16'),
(64, 22, '0HGDG946JF9B4354H4J19DKJF39C.jpg', '2024-01-02 07:38:11', '2024-01-02 07:38:11'),
(65, 22, '0720JFC963604756086J9GB9G4C0.jpg', '2024-01-02 07:38:11', '2024-01-02 07:38:11'),
(66, 22, 'J0E30286J8404C5974C5096301G6.jpg', '2024-01-02 07:38:11', '2024-01-02 07:38:11'),
(67, 23, '125D6FKF59BC5C579062FD3K7GBH.jpg', '2024-01-02 07:39:51', '2024-01-02 07:39:51'),
(68, 23, 'C9CJ23CG6D6B3C04CGFGEHEG4CEB.jpg', '2024-01-02 07:39:51', '2024-01-02 07:39:51'),
(69, 23, '60GC8G1DFC25CG68K91K9787FGJE.jpg', '2024-01-02 07:39:51', '2024-01-02 07:39:51'),
(70, 24, 'E31E01960F60786B103E0C9J3D02.jpg', '2024-01-02 07:41:56', '2024-01-02 07:41:56'),
(71, 24, 'CG89J10HGEGK62BKF9F9E0J053H7.jpg', '2024-01-02 07:41:56', '2024-01-02 07:41:56'),
(72, 24, 'FK68F1EBFK02F4645K1F8FG07G42.jpg', '2024-01-02 07:41:57', '2024-01-02 07:41:57'),
(73, 25, '138GC32FC3F7H6H732B1FK3J5F82.jpg', '2024-01-02 07:48:37', '2024-01-02 07:48:37'),
(74, 25, 'H6F2E5CHD81930G75J71KG3HKF30.jpg', '2024-01-02 07:48:38', '2024-01-02 07:48:38'),
(75, 25, 'DEG9302FHJB3CGK1642F1JH1JFG1.jpg', '2024-01-02 07:48:38', '2024-01-02 07:48:38'),
(76, 26, '4GEJH75H9C035321C27C5BKB1326.jpg', '2024-01-02 07:48:59', '2024-01-02 07:48:59'),
(77, 26, '968H5BGC478G30E6B7FC6G6HJ025.jpg', '2024-01-02 07:49:00', '2024-01-02 07:49:00'),
(78, 26, '49BK7J9D8D9J494B6F1FH105H9H3.jpg', '2024-01-02 07:49:00', '2024-01-02 07:49:00'),
(79, 27, 'GC1EG2G197EK1D81G0458KG5C230.jpg', '2024-01-02 09:35:09', '2024-01-02 09:35:09'),
(80, 27, '053HCG56J8J025F956G3F72J898B.jpg', '2024-01-02 09:35:09', '2024-01-02 09:35:09'),
(81, 27, 'FKJH35404K70JF85D59HFC07CJE4.jpg', '2024-01-02 09:35:09', '2024-01-02 09:35:09'),
(82, 28, '5BD70FKJF31JH14D6439KGF094HJ.jpg', '2024-01-02 10:49:01', '2024-01-02 10:49:01'),
(83, 28, 'G04J81726F15BE8E5J06KH2G05JC.jpg', '2024-01-02 10:49:02', '2024-01-02 10:49:02'),
(84, 28, '3032J5D7G4CK4952H3E1HDGF27FD.jpg', '2024-01-02 10:49:02', '2024-01-02 10:49:02'),
(85, 29, '78D4109K7453BKB76F2K67HDK939.jpg', '2024-01-02 10:58:33', '2024-01-02 10:58:33'),
(86, 29, '86BF8CEGB9KBKD65D4753DFD8E9B.jpg', '2024-01-02 10:58:34', '2024-01-02 10:58:34'),
(87, 29, 'K0JG53J1F1DBCDF4CD574GJ7135F.jpg', '2024-01-02 10:58:34', '2024-01-02 10:58:34'),
(88, 30, '8F58J98797J7HBFB1D58K9JK1H27.jpg', '2024-01-02 11:00:24', '2024-01-02 11:00:24'),
(89, 30, 'GH613H67843F0HBF3612FEK8KJ6G.jpg', '2024-01-02 11:00:24', '2024-01-02 11:00:24'),
(90, 30, '7B0EK4197842B93E9C8KH37DHEDH.jpg', '2024-01-02 11:00:25', '2024-01-02 11:00:25'),
(91, 31, '569F2HJDG238D08H95KGF6D40E58.jpg', '2024-01-02 11:41:49', '2024-01-02 11:41:49'),
(92, 31, 'G138ECJ4FE75H64C0CHE45E706G5.jpg', '2024-01-02 11:41:50', '2024-01-02 11:41:50'),
(93, 31, '513G53H9D47BF906J17H4H09F4E6.jpg', '2024-01-02 11:41:50', '2024-01-02 11:41:50'),
(94, 32, '97EHDFEHG28D8GJHJBF06JF1HC07.jpg', '2024-01-02 11:44:30', '2024-01-02 11:44:30'),
(95, 32, '135HF5KGEK05DFGKHC20C35H62F6.jpg', '2024-01-02 11:44:30', '2024-01-02 11:44:30'),
(96, 32, 'K67EH4G84G128KJDB0EKBFC4K1FE.jpg', '2024-01-02 11:44:30', '2024-01-02 11:44:30'),
(97, 33, 'BGBF7F89K4FGKHE17B5CFE8B2CF3.jpg', '2024-01-02 11:52:05', '2024-01-02 11:52:05'),
(98, 33, '1070E714D8K80K7CD06H6C5BE1G1.jpg', '2024-01-02 11:52:05', '2024-01-02 11:52:05'),
(99, 33, 'HB98BGB6DKF678FH39B696EDG4G2.jpg', '2024-01-02 11:52:06', '2024-01-02 11:52:06'),
(100, 34, '3013672K0658B6KBH12680KBC5JH.jpg', '2024-01-02 11:52:08', '2024-01-02 11:52:08'),
(101, 34, '93184FEKE058EB3J3G70947C5JB9.jpg', '2024-01-02 11:52:08', '2024-01-02 11:52:08'),
(102, 34, '09KB6E0JEBC03FK16K8284DF6DHG.jpg', '2024-01-02 11:52:08', '2024-01-02 11:52:08'),
(103, 35, '327H79FH56HKCH16728GC3G48625.jpg', '2024-01-03 06:05:51', '2024-01-03 06:05:51'),
(104, 35, '6G2964FD49F75J5C49756G408B7E.jpg', '2024-01-03 06:05:51', '2024-01-03 06:05:51'),
(106, 36, '6GH0JCD0GHF0D7KCEFGCF7FJKJ19.jpg', '2024-01-03 07:10:10', '2024-01-03 07:10:10'),
(107, 36, 'F53EDJC4K2F4E23BH641K85B8C8K.jpg', '2024-01-03 07:10:10', '2024-01-03 07:10:10'),
(108, 36, 'JE2GK0J59J2F3J41JEG37B1BH56K.photo-1617922001439-4a2e6562f328', '2024-01-03 07:10:11', '2024-01-03 07:10:11'),
(109, 37, 'HB0F1DH5H352CE0H06GF71052BF0.jpg', '2024-01-03 10:16:06', '2024-01-03 10:16:06'),
(110, 37, 'JC6F329E2K616FJ3EK026EB272D2.jpg', '2024-01-03 10:16:06', '2024-01-03 10:16:06'),
(111, 37, '5H20841J2H456D1B025B31B3E3EC.jpg', '2024-01-03 10:16:07', '2024-01-03 10:16:07'),
(112, 19, '6DG2K50E1JHE4D7BKJ53C1534B53.webp', '2024-01-03 10:17:36', '2024-01-03 10:17:36'),
(113, 38, '39B07J9EF781EFC5BH4216BG1KH7.webp', '2024-01-03 10:20:17', '2024-01-03 10:20:17'),
(114, 38, '2KJF94J8H3E0B7K516D7KH31F6J3.avif', '2024-01-03 10:20:17', '2024-01-03 10:20:17'),
(116, 39, '9KB709F537C4G25BFKJC6KH7E4CD.jpg', '2024-01-03 10:56:42', '2024-01-03 10:56:42'),
(117, 39, 'E09DH919J0EHBK73048340KD1E9E.jpg', '2024-01-03 10:56:42', '2024-01-03 10:56:42'),
(118, 39, 'J6HCDHBJ3JG07CH7GC4G35B52D7G.jpg', '2024-01-03 10:56:42', '2024-01-03 10:56:42'),
(119, 40, '259B7DJ16FD87849H695DFKJ6G25.jpg', '2024-01-03 11:03:46', '2024-01-03 11:03:46'),
(120, 40, 'B1H3D4GHD84J702CFKC6B9683G3F.jpg', '2024-01-03 11:03:47', '2024-01-03 11:03:47'),
(121, 40, 'E1G05982B783F561BKC0D0E6BCBG.jpg', '2024-01-03 11:03:47', '2024-01-03 11:03:47'),
(122, 41, '3H7D0EF1G3D19J12613CB38CF58B.avif', '2024-01-03 11:12:21', '2024-01-03 11:12:21'),
(123, 41, 'E96EK8G04G680J8C750GEDCF7ECG.webp', '2024-01-03 11:12:21', '2024-01-03 11:12:21'),
(125, 42, '34FD7B08F42HFKF96CBHJ4E9JCE4.webp', '2024-01-03 11:28:21', '2024-01-03 11:28:21'),
(126, 42, 'C5076KFBCE6FGJ952JCKFB296EJD.webp', '2024-01-03 11:28:21', '2024-01-03 11:28:21'),
(128, 43, 'ECHFHD2BFH4KJC0FD4712C236261.jpg', '2024-01-03 11:46:25', '2024-01-03 11:46:25'),
(129, 43, '2C6E0503JHJ6K087D3E723H194D7.jpg', '2024-01-03 11:46:26', '2024-01-03 11:46:26'),
(130, 43, 'D41EGBG6G3J04J9H9C5GF0C5B63G.jpg', '2024-01-03 11:46:26', '2024-01-03 11:46:26'),
(131, 44, 'D783401CB51H2D5JC6323FH53D54.avif', '2024-01-03 12:07:34', '2024-01-03 12:07:34'),
(132, 44, '1918261416E3894J6F47JFD37DH9.jpg', '2024-01-03 12:07:35', '2024-01-03 12:07:35'),
(134, 45, 'J31GHE95105JH243EFJ3GF50987E.jpg', '2024-01-03 12:10:07', '2024-01-03 12:10:07'),
(135, 45, '6FEC0J061GH6D1979D15E262BD63.jpg', '2024-01-03 12:10:07', '2024-01-03 12:10:07'),
(136, 45, 'CKJ51JD40KF9236HF8B09K6GD2BF.jpg', '2024-01-03 12:10:07', '2024-01-03 12:10:07'),
(137, 44, 'D73C9809KHDG51H70H9H9759J8BK.jpg', '2024-01-03 12:16:46', '2024-01-03 12:16:46'),
(138, 35, 'FGDG78DKD1FJCJB43E9691D2DKE5.jpg', '2024-01-03 12:20:07', '2024-01-03 12:20:07'),
(139, 46, 'J984525B4E4J7E848901F16DB7GH.jpg', '2024-01-04 06:24:19', '2024-01-04 06:24:19'),
(140, 46, 'KD95CGH4CB18797F0JF53D369161.jpg', '2024-01-04 06:24:19', '2024-01-04 06:24:19'),
(141, 46, '8KG3567K6343D18G45JHBJD952KG.jpg', '2024-01-04 06:24:20', '2024-01-04 06:24:20'),
(142, 47, 'F8GD6J208B785J8G6FK5JK9J5KEJ.jpg', '2024-01-04 06:43:46', '2024-01-04 06:43:46'),
(143, 47, '026DH92D8J7J1HKE567K56FBG96H.jpg', '2024-01-04 06:43:46', '2024-01-04 06:43:46'),
(144, 47, '1369F8E90F04272JB5281E7E3GC2.jpg', '2024-01-04 06:43:46', '2024-01-04 06:43:46'),
(145, 48, 'H5K1G5B64260HJD46FK85F064BCH.jpg', '2024-01-04 08:09:59', '2024-01-04 08:09:59'),
(146, 48, 'H280924K3H3F637F37E3F946ED4C.jpg', '2024-01-04 08:09:59', '2024-01-04 08:09:59'),
(147, 48, 'G985E1D8B6HDJ4EGC63JKH6CB0GC.jpg', '2024-01-04 08:09:59', '2024-01-04 08:09:59'),
(148, 49, '1D71CF8H28645KH0G4DKJF17435C.jpg', '2024-01-04 09:41:47', '2024-01-04 09:41:47'),
(149, 49, 'BK859KJ623F7FG0C41HJ412DGF0H.jpg', '2024-01-04 09:41:47', '2024-01-04 09:41:47'),
(150, 49, '75J0798J6FJD072EH40FC9H73HEG.jpg', '2024-01-04 09:41:47', '2024-01-04 09:41:47'),
(151, 50, 'B0C31F5KE249517GHJB86FH439B6.jpg', '2024-01-04 10:02:31', '2024-01-04 10:02:31'),
(152, 50, 'GKG607K18K7G18C848GB37CEJ496.jpg', '2024-01-04 10:02:31', '2024-01-04 10:02:31'),
(153, 50, 'FCK9423J8GE908JB650416HEBJ86.jpg', '2024-01-04 10:02:32', '2024-01-04 10:02:32'),
(154, 51, '8986D15F7CF9H7E643GJ3J62CKEK.jpg', '2024-01-04 10:23:10', '2024-01-04 10:23:10'),
(155, 51, '7J76DG34923J12EJ503BE7J45C26.jpg', '2024-01-04 10:23:10', '2024-01-04 10:23:10'),
(156, 51, '1BK0EH8KEDK2721FH21BHD916D8F.jpg', '2024-01-04 10:23:11', '2024-01-04 10:23:11'),
(157, 52, '89B2E3G4GEB9JB78D8E54B6C0131.jpg', '2024-01-04 13:08:37', '2024-01-04 13:08:37'),
(158, 52, '749E2G39364CJ3H9H31GFB30HBJ2.jpg', '2024-01-04 13:08:37', '2024-01-04 13:08:37'),
(159, 52, 'KDGB182K36K5DE7HDG8D520DBG4G.jpg', '2024-01-04 13:08:37', '2024-01-04 13:08:37'),
(160, 53, 'D7GK4JG6F43DJ0615K10H61G5EBH.jpg', '2024-01-05 05:39:10', '2024-01-05 05:39:10'),
(161, 53, '6F0E8D464B0DFJKHF1765K4F0JCJ.jpg', '2024-01-05 05:39:10', '2024-01-05 05:39:10'),
(162, 53, '6EK7F473F25CKDH471D7J92F9089.jpg', '2024-01-05 05:39:11', '2024-01-05 05:39:11'),
(163, 54, 'H9H4GBGC7F717KEGH0614742C18C.jpg', '2024-01-05 08:05:03', '2024-01-05 08:05:03'),
(164, 54, '7J14056C9D32343EB7FGF7JK0639.jpg', '2024-01-05 08:05:03', '2024-01-05 08:05:03'),
(165, 54, '42KF585HJ1D8FDH17K07305F0E5E.jpg', '2024-01-05 08:05:04', '2024-01-05 08:05:04'),
(166, 55, '23B3BGD763HG2609G57E942F9761.jpg', '2024-01-05 08:14:31', '2024-01-05 08:14:31'),
(167, 55, '02J2H6B49C5F5FCD4E08J1JK7C5B.jpg', '2024-01-05 08:14:31', '2024-01-05 08:14:31'),
(168, 55, '84KFD3GJ0972FEJC838CE102BEFD.jpg', '2024-01-05 08:14:32', '2024-01-05 08:14:32'),
(169, 56, 'BK145JC319DEC7DK7J8KH8H8JC3J.jpg', '2024-01-05 09:11:18', '2024-01-05 09:11:18'),
(170, 56, 'C16HB9J902BD9FH976GC4267D951.jpg', '2024-01-05 09:11:18', '2024-01-05 09:11:18'),
(171, 56, '16158HGJ9G4HDCBGC254E37D43D7.jpg', '2024-01-05 09:11:19', '2024-01-05 09:11:19'),
(172, 57, '9GEG57FDCHB62835HCJB63HB72BF.jpg', '2024-01-05 09:12:31', '2024-01-05 09:12:31'),
(173, 57, '45DHG348H32DF9305E9JK6514K4B.jpg', '2024-01-05 09:12:31', '2024-01-05 09:12:31'),
(174, 57, '3D5630KJE3785H1857348E5GJ6G8.jpg', '2024-01-05 09:12:31', '2024-01-05 09:12:31'),
(175, 58, '264G3627CJ8KH05DEKDE8FEBK865.jpg', '2024-01-05 09:13:28', '2024-01-05 09:13:28'),
(176, 58, 'B0F819FEK06CE7DH1BCGHE3734B5.jpg', '2024-01-05 09:13:29', '2024-01-05 09:13:29'),
(177, 58, '310980HFE5K4F1GD82H1DCD98HDJ.jpg', '2024-01-05 09:13:29', '2024-01-05 09:13:29'),
(178, 59, '1F1264E2F3FKHFE57G7DF5JK50FC.jpg', '2024-01-05 09:17:42', '2024-01-05 09:17:42'),
(179, 59, '2B3G8HECFBJ5J21FB0KJ8CK071HJ.jpg', '2024-01-05 09:17:42', '2024-01-05 09:17:42'),
(180, 59, 'JCEJ584KFB2DBHBHFCGHD8K07K9K.jpg', '2024-01-05 09:17:42', '2024-01-05 09:17:42'),
(181, 60, '3B8G8J49KFH7C6H89194G42KC4JK.jpg', '2024-01-05 09:22:07', '2024-01-05 09:22:07'),
(182, 60, 'G3FJG71GE4283J7J5F9K3JDJG61B.jpg', '2024-01-05 09:22:07', '2024-01-05 09:22:07'),
(183, 60, '57053CHJH4H358JCG9KHD8JCH0G2.jpg', '2024-01-05 09:22:07', '2024-01-05 09:22:07'),
(184, 61, '05395E08B05E459J8HGF3798CG4D.jpg', '2024-01-05 09:22:29', '2024-01-05 09:22:29'),
(185, 61, '898H9EJ3GDE6B4B28JF72F8JE160.jpg', '2024-01-05 09:22:29', '2024-01-05 09:22:29'),
(186, 61, '60K40FDFK0K2C0E94EJG9C7C9B25.jpg', '2024-01-05 09:22:30', '2024-01-05 09:22:30'),
(187, 62, '9E64649K21H0EC4B37D0646E076D.jpg', '2024-01-05 09:23:05', '2024-01-05 09:23:05'),
(188, 62, 'B150K98723B59K3GEDJ07105K93H.jpg', '2024-01-05 09:23:05', '2024-01-05 09:23:05'),
(189, 62, 'FJ1GF1HD2GB176H41KHBH4671CGC.jpg', '2024-01-05 09:23:05', '2024-01-05 09:23:05'),
(190, 63, '053GHJ65C48K4E532B9J2C1CDKH5.jpg', '2024-01-05 09:28:37', '2024-01-05 09:28:37'),
(191, 63, '2KCGC2K0K3F8EJDC5BGKC15BCK4H.jpg', '2024-01-05 09:28:37', '2024-01-05 09:28:37'),
(192, 63, 'D04KBF45HE6D3CF459D0E90K8JD7.png', '2024-01-05 09:28:37', '2024-01-05 09:28:37'),
(193, 64, '0K23F63J9B7J2DHDCF2CK5983051.jpg', '2024-01-05 09:29:50', '2024-01-05 09:29:50'),
(194, 64, 'K8DKB3JDG7EJ714J63GD1BHD9BEG.jpg', '2024-01-05 09:29:50', '2024-01-05 09:29:50'),
(195, 64, '45K78D19KHDJ6291JK7B6265D93K.jpg', '2024-01-05 09:29:50', '2024-01-05 09:29:50'),
(196, 65, '0HD5F796KJB9391JHC9GFCKE3EC6.jpg', '2024-01-05 09:30:13', '2024-01-05 09:30:13'),
(197, 65, '7FJ7BK35B0EG1HF896180247BG17.jpg', '2024-01-05 09:30:13', '2024-01-05 09:30:13'),
(198, 65, '89DH4CB5C8F6C3CK4JCH508F8HJ8.jpg', '2024-01-05 09:30:13', '2024-01-05 09:30:13'),
(199, 66, '3K6EJ98431K0D09C70151FGBF305.jpg', '2024-01-05 09:43:37', '2024-01-05 09:43:37'),
(200, 66, '54G02GHBC37K76E8EFH6G7G175K2.jpg', '2024-01-05 09:43:37', '2024-01-05 09:43:37'),
(201, 66, 'BF70HCF61D94JF890CHF12E38J37.jpg', '2024-01-05 09:43:37', '2024-01-05 09:43:37'),
(202, 67, 'H8BF018H6CHEKB9H32DK1B40G8KD.jpg', '2024-01-05 09:53:01', '2024-01-05 09:53:01'),
(203, 67, '03K2H017F3H59J3C4H2E8461F826.jpg', '2024-01-05 09:53:01', '2024-01-05 09:53:01'),
(204, 67, '17FE8CHDBD9FD93FE3C4B7D4KJ4K.jpg', '2024-01-05 09:53:01', '2024-01-05 09:53:01'),
(205, 68, '67D4DEDKB0J9D9BJF09D7G243KE6.jpg', '2024-01-05 09:55:13', '2024-01-05 09:55:13'),
(206, 68, 'CJ48DKB641C258DKEF7G13FH8E6B.jpg', '2024-01-05 09:55:13', '2024-01-05 09:55:13'),
(207, 68, '2CF89H9C35296D74HJ4B79B38287.jpg', '2024-01-05 09:55:13', '2024-01-05 09:55:13'),
(208, 69, '6H0HF84F4GE2ECEH6DC4HBDCK827.jpg', '2024-01-05 09:58:23', '2024-01-05 09:58:23'),
(209, 69, '57F0BG79890B6949F0F2F3FBJ48C.jpg', '2024-01-05 09:58:24', '2024-01-05 09:58:24'),
(210, 69, '29EDCH358K51B89JKFHG6F294648.jpg', '2024-01-05 09:58:24', '2024-01-05 09:58:24'),
(211, 70, 'DG23D1762E0JC35CHEG27GE105C7.png', '2024-01-05 10:44:44', '2024-01-05 10:44:44'),
(212, 70, 'GFDJ3BKJG523C4C60G15GH40GBKD.jpg', '2024-01-05 10:44:44', '2024-01-05 10:44:44'),
(213, 70, '6FBCD6B6DGF6H1BGBDC9C2BE3KDE.jpg', '2024-01-05 10:44:44', '2024-01-05 10:44:44'),
(214, 71, '4508F1G18B96G2842G93B7JGK3FK.jpg', '2024-01-05 12:10:25', '2024-01-05 12:10:25'),
(215, 71, 'CK8F6GDH1KF68BH038DC92DE3K93.jpg', '2024-01-05 12:10:26', '2024-01-05 12:10:26'),
(216, 71, 'GC5H20HDC571FD4J289BC5G4KC8G.png', '2024-01-05 12:10:26', '2024-01-05 12:10:26'),
(217, 72, '0E97089BH7G8H84J6GFG2GB35F6E.png', '2024-01-05 12:10:54', '2024-01-05 12:10:54'),
(218, 72, 'E68G84192G07HK01E13G04FBF5CD.jpg', '2024-01-05 12:10:54', '2024-01-05 12:10:54'),
(219, 72, '1HCG7593DJ0264K7BF291H3EK4H8.jpg', '2024-01-05 12:10:54', '2024-01-05 12:10:54'),
(220, 73, '45F39E39E10F0CGB8KGFCH4EB1D5.jpg', '2024-01-05 13:32:21', '2024-01-05 13:32:21'),
(221, 73, 'EH10F4B6505E7D17JEG1351G1DF1.jpg', '2024-01-05 13:32:21', '2024-01-05 13:32:21'),
(222, 73, '61516H0EH0728FKFB78DKH2C9J8J.jpg', '2024-01-05 13:32:21', '2024-01-05 13:32:21'),
(223, 74, 'KJB92K059F1H2F368B91C15H62J4.jpg', '2024-01-05 13:55:01', '2024-01-05 13:55:01'),
(224, 74, 'G47GD54J7C7GE3D8GBFCF37C6F10.jpg', '2024-01-05 13:55:01', '2024-01-05 13:55:01'),
(225, 74, '0H0J19GC69G67FK5965JH0EHK8EG.jpg', '2024-01-05 13:55:01', '2024-01-05 13:55:01'),
(227, 75, 'B0HCK8KG67J8FJ1H01B7G3890B25.jpg', '2024-01-08 08:05:43', '2024-01-08 08:05:43'),
(230, 76, '94HC97K15B9D8EBHJBG2B84CB3G8.jpg', '2024-01-08 09:12:17', '2024-01-08 09:12:17'),
(232, 76, 'DB5613B2K72F35DCGB58KDFK5GFH.jpg', '2024-01-08 09:14:46', '2024-01-08 09:14:46'),
(233, 76, '1HKB2968E1C9F3H2713JK04EGJ85.jpg', '2024-01-08 09:14:46', '2024-01-08 09:14:46'),
(234, 76, 'JC51KGB7CJ9HDC91363K3JFH0571.jpg', '2024-01-08 09:14:46', '2024-01-08 09:14:46'),
(235, 76, 'HBFDC5D24EKB01903CF7HCK3D5HG.jpg', '2024-01-08 09:14:58', '2024-01-08 09:14:58'),
(236, 75, 'JEB2K68B718GC9HBE27E7J51GFK7.jpg', '2024-01-08 10:36:47', '2024-01-08 10:36:47'),
(239, 77, '19JECKB8H78EF0606KF8D6J2HJ46.jpg', '2024-01-08 10:52:01', '2024-01-08 10:52:01'),
(241, 77, 'EFDE0GH73HK34H045HJ18632C6C1.jpg', '2024-01-08 10:52:29', '2024-01-08 10:52:29'),
(242, 77, '3FHE6K7KJB41E8DF5719BK908K5K.jpg', '2024-01-08 10:52:49', '2024-01-08 10:52:49'),
(243, 78, 'C585CH5CBJF0971DECK4EG191E59.jpg', '2024-01-08 11:45:56', '2024-01-08 11:45:56'),
(245, 78, 'EGEKJ481H81E603DB7FJE08J51GH.jpg', '2024-01-08 11:45:56', '2024-01-08 11:45:56'),
(246, 78, 'E51K2818H18JK07JK9178B4BD0K0.jpg', '2024-01-08 11:48:20', '2024-01-08 11:48:20'),
(247, 79, '58519EB4JBJ6F9HK39G6DK9FK6JG.jpg', '2024-01-08 11:53:04', '2024-01-08 11:53:04'),
(249, 79, 'KF84503JCH43GB928HJ7E303DFH4.jpg', '2024-01-08 11:53:04', '2024-01-08 11:53:04'),
(250, 79, '9GC9K40DHBG2953B630B304K1F2H.jpg', '2024-01-08 12:13:51', '2024-01-08 12:13:51'),
(251, 79, '5J3G4DF3DKGBG8JB6EK0C825B65K.jpg', '2024-01-08 12:13:51', '2024-01-08 12:13:51'),
(253, 80, 'K0F08586J2EJ1DF5G6DE8H62BJG2.jpg', '2024-01-08 12:57:51', '2024-01-08 12:57:51'),
(255, 80, 'H67F1K45341C1659G38ECD145E7J.jpg', '2024-01-08 12:58:10', '2024-01-08 12:58:10'),
(256, 81, '26C26K6G695CDFK8G81G928G698G.jpg', '2024-01-08 13:34:37', '2024-01-08 13:34:37'),
(257, 81, '3C161E672D9F26BK0KDFB4JB6JE6.jpg', '2024-01-08 13:34:37', '2024-01-08 13:34:37'),
(260, 81, 'H8DBK39KJ5D20DGF86C06DK6KFKE.jpg', '2024-01-08 13:35:40', '2024-01-08 13:35:40'),
(261, 80, '10CBC86DJED0JE91HK5121DC31H9.jpg', '2024-01-08 13:37:20', '2024-01-08 13:37:20'),
(265, 83, '475DF6HJ8HG0954546BC71H1E487.jpg', '2024-01-09 05:40:54', '2024-01-09 05:40:54'),
(266, 83, 'K4DK3157K6B0C4FKCK8EKBK3J3B0.jpg', '2024-01-09 05:40:54', '2024-01-09 05:40:54'),
(267, 83, '21F8C95J7594E5CHBEB41E59GB5F.jpg', '2024-01-09 05:40:54', '2024-01-09 05:40:54'),
(268, 82, 'HG4D04JG94G24EF46DHED39F5CK1.jpg', '2024-01-09 05:55:15', '2024-01-09 05:55:15'),
(269, 82, 'BDK1H9C1J5605242J7C183D9C180.jpg', '2024-01-09 05:55:15', '2024-01-09 05:55:15'),
(270, 82, '0JC7HJK9F10B0858C69KJ0J3E96B.jpg', '2024-01-09 05:55:15', '2024-01-09 05:55:15'),
(271, 84, 'CHCF7BCHJ6G67DJ5412DBF8139H3.jpg', '2024-01-09 07:45:25', '2024-01-09 07:45:25'),
(272, 84, 'CB02D2JDF6E4702F73714J781F94.jpg', '2024-01-09 07:45:25', '2024-01-09 07:45:25'),
(273, 84, 'CFK4GE4JGD5638GJ5F7DF687K65C.jpg', '2024-01-09 07:45:25', '2024-01-09 07:45:25'),
(274, 85, '6E870JC3GE51DFJD945G6KJ0KB0K.jpg', '2024-01-09 11:48:37', '2024-01-09 11:48:37'),
(275, 85, 'K0J8FH9H3J09143G7894534758F7.jpg', '2024-01-09 11:48:37', '2024-01-09 11:48:37'),
(276, 85, 'K303K14CFH6C8K3EJBF8G6907E6B.jpg', '2024-01-09 11:48:37', '2024-01-09 11:48:37'),
(277, 86, '02CD1H6KBGC8F145D6G4J94C3824.jpg', '2024-01-09 12:22:46', '2024-01-09 12:22:46'),
(278, 86, '824J75GE2F1FE957B0B2D475FG13.jpg', '2024-01-09 12:22:47', '2024-01-09 12:22:47'),
(279, 86, '3FEB5HK4J6KD49510BK38J01DC18.jpg', '2024-01-09 12:22:47', '2024-01-09 12:22:47'),
(280, 87, '21E8482KD93JD286D4GFJHCBK5E0.jpg', '2024-01-09 13:17:09', '2024-01-09 13:17:09'),
(281, 87, 'J3HBG5H9270D1KF1645BCFDBCD49.jpg', '2024-01-09 13:17:09', '2024-01-09 13:17:09'),
(282, 87, '2K0J521K8J7G8FE038CJD3167J79.jpg', '2024-01-09 13:17:09', '2024-01-09 13:17:09'),
(283, 88, '79DK30J51J84J2K6F3G1J06FHK38.jpg', '2024-01-09 13:44:01', '2024-01-09 13:44:01'),
(284, 88, 'JG1J2G7JK5JB8G25BJG68C5CEH72.jpg', '2024-01-09 13:44:01', '2024-01-09 13:44:01'),
(285, 88, '0HFBH2D368CGD585GK809JGFC6GF.jpg', '2024-01-09 13:44:01', '2024-01-09 13:44:01'),
(286, 89, '70C3735DG46BKF72G253EKC3KHJD.jpg', '2024-01-09 13:59:13', '2024-01-09 13:59:13'),
(287, 89, 'F8CF0H0G53K52HJDJH7D8E8B873F.jpg', '2024-01-09 13:59:13', '2024-01-09 13:59:13'),
(288, 89, '3D05B034FC79CJ9KCK854FBK34KC.jpg', '2024-01-09 13:59:13', '2024-01-09 13:59:13'),
(289, 90, 'DG75G194D2J9HCJ20HF0D195GB0F.jpg', '2024-01-09 14:01:36', '2024-01-09 14:01:36'),
(290, 90, 'C1G3H535787H68H3F3G5FC925DG0.jpg', '2024-01-09 14:01:36', '2024-01-09 14:01:36'),
(291, 90, 'F51F74BKCF2EJC9HKC904C04CE37.jpg', '2024-01-09 14:01:36', '2024-01-09 14:01:36'),
(292, 91, 'BEF5DB3F49724B0KJC1BGJGD46F6.jpg', '2024-04-04 07:26:54', '2024-04-04 07:26:54');

-- --------------------------------------------------------

--
-- Table structure for table `requested_services`
--

CREATE TABLE `requested_services` (
  `id` int(11) NOT NULL,
  `request_id` int(11) NOT NULL,
  `service_id` int(11) NOT NULL,
  `service_file` varchar(255) DEFAULT NULL,
  `service_file_type` int(11) NOT NULL DEFAULT '0' COMMENT '1: Doc, 2: Video',
  `createdAt` timestamp NOT NULL DEFAULT CURRENT_TIMESTAMP,
  `updatedAt` timestamp NOT NULL DEFAULT CURRENT_TIMESTAMP ON UPDATE CURRENT_TIMESTAMP
) ENGINE=InnoDB DEFAULT CHARSET=latin1;

--
-- Dumping data for table `requested_services`
--

INSERT INTO `requested_services` (`id`, `request_id`, `service_id`, `service_file`, `service_file_type`, `createdAt`, `updatedAt`) VALUES
(1, 1, 1, NULL, 0, '2023-12-28 12:57:34', '2023-12-28 12:57:34'),
(2, 1, 2, NULL, 0, '2023-12-28 12:57:34', '2023-12-28 12:57:34'),
(3, 1, 3, NULL, 0, '2023-12-28 12:57:34', '2023-12-28 12:57:34'),
(4, 2, 7, NULL, 0, '2023-12-28 13:21:25', '2023-12-28 13:21:25'),
(5, 3, 8, NULL, 0, '2023-12-28 13:22:15', '2023-12-28 13:22:15'),
(6, 4, 7, NULL, 0, '2023-12-28 13:27:36', '2023-12-28 13:27:36'),
(7, 5, 1, NULL, 0, '2024-01-02 06:22:33', '2024-01-02 06:22:33'),
(8, 5, 6, NULL, 0, '2024-01-02 06:22:33', '2024-01-02 06:22:33'),
(9, 6, 6, NULL, 0, '2024-01-02 09:35:35', '2024-01-02 09:35:35'),
(10, 6, 7, NULL, 0, '2024-01-02 09:35:35', '2024-01-02 09:35:35'),
(11, 6, 8, NULL, 0, '2024-01-02 09:35:35', '2024-01-02 09:35:35'),
(12, 7, 3, NULL, 0, '2024-01-02 10:50:19', '2024-01-02 10:50:19'),
(13, 7, 4, NULL, 0, '2024-01-02 10:50:19', '2024-01-02 10:50:19'),
(14, 8, 3, NULL, 0, '2024-01-02 11:05:28', '2024-01-02 11:05:28'),
(15, 8, 4, NULL, 0, '2024-01-02 11:05:28', '2024-01-02 11:05:28'),
(16, 8, 5, NULL, 0, '2024-01-02 11:05:29', '2024-01-02 11:05:29'),
(17, 9, 3, NULL, 0, '2024-01-02 11:11:07', '2024-01-02 11:11:07'),
(18, 10, 4, NULL, 0, '2024-01-02 11:20:38', '2024-01-02 11:20:38'),
(19, 10, 5, NULL, 0, '2024-01-02 11:20:38', '2024-01-02 11:20:38'),
(20, 11, 2, NULL, 0, '2024-01-02 11:56:42', '2024-01-02 11:56:42'),
(21, 11, 4, NULL, 0, '2024-01-02 11:56:42', '2024-01-02 11:56:42'),
(22, 11, 5, NULL, 0, '2024-01-02 11:56:42', '2024-01-02 11:56:42'),
(23, 12, 5, 'sample_2C3KBFGKDJ71G83.pdf', 0, '2024-01-03 06:10:53', '2024-01-03 07:54:16'),
(24, 12, 8, NULL, 0, '2024-01-03 06:10:53', '2024-01-03 06:10:53'),
(25, 13, 1, 'EAadhaar_2309230282151320230912112808_0410202318412 copy_cropped_74GKF6KC31675HK.pdf', 0, '2024-01-03 10:17:30', '2024-01-03 10:38:32'),
(26, 13, 2, 'Access PaySuite - BACS Reporting and Codes_0G7J4KJ27HK465F.pdf', 0, '2024-01-03 10:17:31', '2024-01-03 10:39:09'),
(27, 14, 5, NULL, 0, '2024-01-03 11:49:12', '2024-01-03 11:49:12'),
(28, 14, 6, NULL, 0, '2024-01-03 11:49:12', '2024-01-03 11:49:12'),
(29, 15, 1, 'sample_8J2K9C18780FE4D.pdf', 0, '2024-01-03 12:27:16', '2024-01-03 12:30:38'),
(30, 16, 2, NULL, 0, '2024-01-03 12:49:41', '2024-01-03 13:14:23'),
(31, 16, 3, NULL, 0, '2024-01-03 12:49:42', '2024-01-03 12:49:42'),
(32, 17, 1, 'EAadhaar_2309230282151320230912112808_0410202318412_DECK60H26K6H1D4.pdf', 0, '2024-01-04 06:29:07', '2024-01-04 06:36:47'),
(33, 17, 8, 'EAadhaar_2309230282151320230912112808_0410202318412_FBD8CF7HJKB1JB7.pdf', 0, '2024-01-04 06:29:07', '2024-01-04 06:37:00'),
(34, 18, 3, NULL, 0, '2024-01-04 06:44:31', '2024-01-04 06:44:31'),
(35, 18, 6, NULL, 0, '2024-01-04 06:44:32', '2024-01-04 06:44:32'),
(36, 19, 5, NULL, 0, '2024-01-04 07:00:43', '2024-01-04 07:00:43'),
(37, 20, 5, NULL, 0, '2024-01-04 07:07:53', '2024-01-04 07:07:53'),
(38, 20, 6, NULL, 0, '2024-01-04 07:07:53', '2024-01-04 07:07:53'),
(39, 20, 7, NULL, 0, '2024-01-04 07:07:53', '2024-01-04 07:07:53'),
(40, 21, 5, 'EAadhaar_2309230282151320230912112808_0410202318412_G25JKH9K3JB724G.pdf', 0, '2024-01-04 08:10:33', '2024-01-04 08:12:35'),
(41, 21, 6, 'EAadhaar_2309230282151320230912112808_0410202318412_C9CGDH496B63C73.pdf', 0, '2024-01-04 08:10:34', '2024-01-04 08:12:42'),
(42, 22, 5, NULL, 0, '2024-01-04 09:04:32', '2024-01-04 09:04:32'),
(43, 22, 7, NULL, 0, '2024-01-04 09:04:32', '2024-01-04 09:04:32'),
(44, 23, 1, NULL, 0, '2024-01-04 09:06:21', '2024-01-04 09:06:21'),
(45, 23, 2, NULL, 0, '2024-01-04 09:06:21', '2024-01-04 09:06:21'),
(46, 24, 4, NULL, 0, '2024-01-04 09:16:44', '2024-01-04 09:16:44'),
(47, 25, 5, NULL, 0, '2024-01-04 09:47:44', '2024-01-04 09:47:44'),
(48, 25, 6, NULL, 0, '2024-01-04 09:47:44', '2024-01-04 09:47:44'),
(49, 25, 7, NULL, 0, '2024-01-04 09:47:44', '2024-01-04 09:47:44'),
(50, 26, 3, NULL, 0, '2024-01-04 10:02:58', '2024-01-04 10:02:58'),
(51, 26, 4, NULL, 0, '2024-01-04 10:02:58', '2024-01-04 10:02:58'),
(52, 27, 7, NULL, 0, '2024-01-04 13:44:31', '2024-01-04 13:44:31'),
(53, 28, 1, NULL, 0, '2024-01-04 13:45:13', '2024-01-04 13:45:13'),
(54, 28, 8, NULL, 0, '2024-01-04 13:45:14', '2024-01-04 13:45:14'),
(55, 29, 7, NULL, 0, '2024-01-05 05:39:59', '2024-01-05 05:39:59'),
(56, 30, 4, NULL, 0, '2024-01-05 06:08:03', '2024-01-05 06:08:03'),
(57, 31, 4, 'EAadhaar_2309230282151320230912112808_0410202318412_H5F80G4BCDK6E2C.pdf', 1, '2024-01-05 09:02:19', '2024-01-05 09:03:36'),
(58, 31, 5, 'istockphoto-1461143418-640_adpp_is_EC68648K85H9054.mp4', 2, '2024-01-05 09:02:19', '2024-01-05 09:03:52'),
(59, 32, 2, NULL, 0, '2024-01-05 09:36:45', '2024-01-05 09:36:45'),
(60, 32, 3, NULL, 0, '2024-01-05 09:36:45', '2024-01-05 09:36:45'),
(61, 33, 4, NULL, 0, '2024-01-05 09:39:03', '2024-01-05 09:39:03'),
(62, 33, 5, NULL, 0, '2024-01-05 09:39:04', '2024-01-05 09:39:04'),
(63, 34, 8, NULL, 0, '2024-01-05 09:39:24', '2024-01-05 09:39:24'),
(64, 35, 5, NULL, 0, '2024-01-05 09:52:27', '2024-01-05 09:52:27'),
(65, 36, 3, NULL, 0, '2024-01-05 09:58:45', '2024-01-05 09:58:45'),
(66, 36, 7, NULL, 0, '2024-01-05 09:58:45', '2024-01-05 09:58:45'),
(67, 37, 7, 'vecteezy_motion-background-video_26735225_HF5347846K546G8.mp4', 2, '2024-01-05 12:11:10', '2024-01-09 13:33:17'),
(68, 37, 8, NULL, 0, '2024-01-05 12:11:10', '2024-01-05 12:11:10'),
(69, 38, 8, NULL, 0, '2024-01-05 12:43:58', '2024-01-05 12:43:58'),
(70, 39, 5, NULL, 0, '2024-01-05 13:55:56', '2024-01-05 13:55:56'),
(71, 39, 6, NULL, 0, '2024-01-05 13:55:56', '2024-01-05 13:55:56'),
(72, 39, 7, NULL, 0, '2024-01-05 13:55:56', '2024-01-05 13:55:56'),
(73, 39, 8, NULL, 0, '2024-01-05 13:55:56', '2024-01-05 13:55:56'),
(74, 40, 4, NULL, 0, '2024-01-05 13:59:10', '2024-01-05 13:59:10'),
(75, 41, 5, 'sample_0E15CDCE4HFC24E.pdf', 1, '2024-01-08 05:46:57', '2024-01-08 05:50:25'),
(76, 41, 6, 'sample_F2F1B87J08762H6.pdf', 1, '2024-01-08 05:46:57', '2024-01-08 05:50:32'),
(77, 42, 4, NULL, 0, '2024-01-08 09:25:07', '2024-01-08 09:25:07'),
(78, 42, 5, NULL, 0, '2024-01-08 09:25:07', '2024-01-08 09:25:07'),
(79, 42, 6, NULL, 0, '2024-01-08 09:25:07', '2024-01-08 09:25:07'),
(80, 43, 5, NULL, 0, '2024-01-08 09:29:19', '2024-01-08 09:29:19'),
(81, 44, 2, NULL, 0, '2024-01-08 09:30:17', '2024-01-08 09:30:17'),
(82, 44, 4, NULL, 0, '2024-01-08 09:30:17', '2024-01-08 09:30:17'),
(83, 45, 4, NULL, 0, '2024-01-08 09:32:19', '2024-01-08 09:32:19'),
(84, 45, 5, NULL, 0, '2024-01-08 09:32:19', '2024-01-08 09:32:19'),
(85, 46, 2, NULL, 0, '2024-01-08 09:33:09', '2024-01-08 09:33:09'),
(86, 46, 3, NULL, 0, '2024-01-08 09:33:09', '2024-01-08 09:33:09'),
(87, 46, 4, NULL, 0, '2024-01-08 09:33:09', '2024-01-08 09:33:09'),
(88, 46, 5, NULL, 0, '2024-01-08 09:33:09', '2024-01-08 09:33:09'),
(89, 47, 3, 'EAadhaar_2309230282151320230912112808_0410202318412 copy_2KB8D4E7DHFCBDG.pdf', 1, '2024-01-08 09:35:18', '2024-01-08 10:00:26'),
(90, 47, 6, 'Guy-works-at-the-office-1053524_9K1KDEB5418J7D1.mov', 1, '2024-01-08 09:35:18', '2024-01-08 09:47:28'),
(91, 47, 7, 'Guy-works-at-the-office-1053524_K91GC80176B0850.mov', 1, '2024-01-08 09:35:18', '2024-01-08 09:47:47'),
(92, 48, 5, NULL, 2, '2024-01-08 09:49:13', '2024-01-08 09:53:11'),
(93, 48, 6, NULL, 0, '2024-01-08 09:49:13', '2024-01-08 09:49:13'),
(94, 49, 5, NULL, 0, '2024-01-08 10:37:11', '2024-01-08 10:37:11'),
(95, 49, 6, NULL, 0, '2024-01-08 10:37:11', '2024-01-08 10:37:11'),
(96, 50, 1, NULL, 0, '2024-01-08 11:05:07', '2024-01-08 11:05:07'),
(97, 50, 2, NULL, 0, '2024-01-08 11:05:07', '2024-01-08 11:05:07'),
(98, 51, 5, NULL, 0, '2024-01-08 11:07:29', '2024-01-08 11:07:29'),
(99, 52, 2, NULL, 0, '2024-01-08 11:09:32', '2024-01-08 11:09:32'),
(100, 53, 3, NULL, 0, '2024-01-08 11:11:09', '2024-01-08 11:11:09'),
(101, 54, 8, NULL, 0, '2024-01-08 11:14:45', '2024-01-08 11:14:45'),
(102, 55, 4, NULL, 0, '2024-01-08 11:16:44', '2024-01-08 11:16:44'),
(103, 56, 3, NULL, 0, '2024-01-08 11:57:14', '2024-01-08 11:57:14'),
(104, 56, 4, NULL, 0, '2024-01-08 11:57:14', '2024-01-08 11:57:14'),
(105, 57, 5, NULL, 0, '2024-01-08 12:06:40', '2024-01-08 12:06:40'),
(106, 57, 6, NULL, 0, '2024-01-08 12:06:40', '2024-01-08 12:06:40'),
(107, 57, 7, NULL, 0, '2024-01-08 12:06:40', '2024-01-08 12:06:40'),
(108, 58, 7, NULL, 0, '2024-01-08 12:31:50', '2024-01-08 12:31:50'),
(109, 58, 8, NULL, 0, '2024-01-08 12:31:50', '2024-01-08 12:31:50'),
(110, 59, 3, NULL, 0, '2024-01-08 13:44:46', '2024-01-08 13:44:46'),
(111, 59, 6, NULL, 0, '2024-01-08 13:44:46', '2024-01-08 13:44:46'),
(112, 59, 8, NULL, 0, '2024-01-08 13:44:46', '2024-01-08 13:44:46'),
(113, 60, 3, NULL, 0, '2024-01-08 13:45:43', '2024-01-08 13:45:43'),
(114, 60, 6, NULL, 0, '2024-01-08 13:45:43', '2024-01-08 13:45:43'),
(115, 61, 1, NULL, 0, '2024-01-08 13:47:09', '2024-01-08 13:47:09'),
(116, 61, 8, NULL, 0, '2024-01-08 13:47:09', '2024-01-08 13:47:09'),
(117, 62, 7, NULL, 0, '2024-01-08 13:50:12', '2024-01-08 13:50:12'),
(118, 63, 5, NULL, 0, '2024-01-08 13:51:12', '2024-01-08 13:51:12'),
(119, 64, 4, NULL, 0, '2024-01-08 13:52:26', '2024-01-08 13:52:26'),
(120, 64, 6, NULL, 0, '2024-01-08 13:52:27', '2024-01-08 13:52:27'),
(121, 64, 8, NULL, 0, '2024-01-08 13:52:27', '2024-01-08 13:52:27'),
(122, 65, 1, 'EAadhaar_2309230282151320230912112808_0410202318412_D08K0GKDF8426K0.pdf', 1, '2024-01-09 05:14:26', '2024-01-09 05:15:37'),
(123, 65, 2, 'C3149CA1-A62E-4B14-A7A5-F596D0262CC0_HKJ1D0H4DEH4321.png', 1, '2024-01-09 05:14:26', '2024-01-09 05:16:09'),
(124, 65, 7, 'Free-fire-video-footage-250_GE09K2F9C268KCD.mov', 1, '2024-01-09 05:14:26', '2024-01-09 05:16:35'),
(125, 65, 8, 'EAadhaar_2309230282151320230912112808_0410202318412 copy_936E7DKGKHEC80G.pdf', 1, '2024-01-09 05:14:26', '2024-01-09 05:16:52'),
(126, 66, 4, NULL, 0, '2024-01-09 05:22:15', '2024-01-09 05:22:15'),
(127, 66, 5, NULL, 0, '2024-01-09 05:22:15', '2024-01-09 05:22:15'),
(128, 67, 3, 'EAadhaar_2309230282151320230912112808_0410202318412_HC4JF409F6K0F7G.pdf', 1, '2024-01-09 05:34:37', '2024-01-09 05:35:23'),
(129, 67, 4, 'Laptop-on-a-desk-with-neon-lights-1296749_2G1KE32051HF9D5.mp4', 2, '2024-01-09 05:34:37', '2024-01-09 05:36:37'),
(130, 68, 4, 'EAadhaar_2309230282151320230912112808_0410202318412 copy_73HD23BCJ86D5BE.pdf', 1, '2024-01-09 05:41:36', '2024-01-09 05:43:19'),
(131, 68, 5, 'Laptop-on-a-desk-with-neon-lights-1296749_92EJ1G346EG97F0.mp4', 2, '2024-01-09 05:41:36', '2024-01-09 05:43:31'),
(132, 69, 7, NULL, 0, '2024-01-09 05:59:09', '2024-01-09 05:59:09'),
(133, 70, 3, NULL, 0, '2024-01-09 07:48:36', '2024-01-09 07:48:36'),
(134, 71, 1, 'vecteezy_motion-background-video_26735225_F9EBEB1H5CEGC08.mp4', 2, '2024-01-09 09:56:20', '2024-01-09 09:58:19'),
(135, 71, 2, 'sample_71H57B6B65JBKC8.pdf', 1, '2024-01-09 09:56:20', '2024-01-09 09:58:30'),
(136, 72, 1, NULL, 0, '2024-01-09 11:50:46', '2024-01-09 11:50:46'),
(137, 72, 2, NULL, 0, '2024-01-09 11:50:46', '2024-01-09 11:50:46'),
(138, 73, 3, NULL, 0, '2024-01-09 11:51:12', '2024-01-09 11:51:12'),
(139, 74, 5, 'C3149CA1-A62E-4B14-A7A5-F596D0262CC0_K7J760KEB4943JE.png', 1, '2024-01-09 11:52:43', '2024-01-09 12:14:44'),
(140, 75, 4, 'Free-fire-video-footage-250_BD0F84JEFCBJ010.mov', 1, '2024-01-09 11:53:08', '2024-01-09 12:05:43'),
(141, 75, 7, '100-very-special-good-morning-images-quotes-photos_1DB0521D08HCE1F.jpeg', 1, '2024-01-09 11:53:08', '2024-01-09 12:05:52'),
(142, 76, 1, 'EAadhaar_2309230282151320230912112808_0410202318412_H7CH2390JB1HJE2.pdf', 1, '2024-01-09 11:54:55', '2024-01-09 11:59:25'),
(143, 77, 5, NULL, 0, '2024-01-09 12:14:31', '2024-01-09 12:14:31'),
(144, 78, 7, 'Free-fire-video-footage-250_2KD8F1G52E43KGD.mov', 1, '2024-01-09 13:18:43', '2024-01-09 13:21:00'),
(145, 79, 5, NULL, 0, '2024-01-09 13:24:28', '2024-01-09 13:24:28'),
(146, 80, 4, 'Guy-works-at-the-office-1053524_B0JH57BJ37F7531.mov', 1, '2024-01-09 13:26:23', '2024-01-09 13:28:46'),
(147, 81, 4, '1A23D90F-C633-4A8B-9B47-98E791874D72_0763D75K5DJ480J.png', 1, '2024-01-09 13:44:39', '2024-01-09 13:48:21'),
(148, 81, 6, 'Laptop-on-a-desk-with-neon-lights-1296749_2DJEB06B127G9BH.mp4', 2, '2024-01-09 13:44:39', '2024-01-09 13:47:38'),
(149, 82, 2, 'vecteezy_motion-background-video_26735225_5K5B5J297GK49E6.mp4', 2, '2024-01-09 13:52:49', '2024-01-09 13:53:13'),
(150, 83, 4, NULL, 0, '2024-01-09 14:00:00', '2024-01-09 14:00:00'),
(151, 83, 5, NULL, 0, '2024-01-09 14:00:00', '2024-01-09 14:00:00'),
(152, 84, 3, NULL, 0, '2024-01-09 14:00:42', '2024-01-09 14:00:42'),
(153, 85, 7, 'EAadhaar_2309230282151320230912112808_0410202318412_482E0942075K36D.pdf', 1, '2024-01-09 14:01:53', '2024-01-09 14:02:27'),
(154, 86, 3, NULL, 0, '2024-01-09 14:06:08', '2024-01-09 14:06:08'),
(155, 86, 4, NULL, 0, '2024-01-09 14:06:08', '2024-01-09 14:06:08'),
(156, 87, 3, NULL, 0, '2024-01-09 14:06:13', '2024-01-09 14:06:13'),
(157, 87, 4, NULL, 0, '2024-01-09 14:06:13', '2024-01-09 14:06:13'),
(158, 88, 3, NULL, 0, '2024-01-09 14:06:18', '2024-01-09 14:06:18'),
(159, 88, 4, NULL, 0, '2024-01-09 14:06:18', '2024-01-09 14:06:18'),
(160, 89, 4, NULL, 0, '2024-01-09 14:06:35', '2024-01-09 14:06:35'),
(161, 89, 8, NULL, 0, '2024-01-09 14:06:35', '2024-01-09 14:06:35'),
(162, 90, 3, NULL, 0, '2024-01-09 14:06:58', '2024-01-09 14:06:58'),
(163, 91, 3, NULL, 0, '2024-01-09 14:07:25', '2024-01-09 14:07:25'),
(164, 92, 3, NULL, 0, '2024-01-09 14:07:37', '2024-01-09 14:07:37'),
(165, 93, 3, NULL, 0, '2024-01-09 14:08:21', '2024-01-09 14:08:21'),
(166, 93, 6, NULL, 0, '2024-01-09 14:08:21', '2024-01-09 14:08:21'),
(167, 94, 5, NULL, 0, '2024-01-10 06:23:40', '2024-01-10 06:23:40'),
(168, 94, 6, NULL, 0, '2024-01-10 06:23:40', '2024-01-10 06:23:40'),
(169, 95, 1, NULL, 0, '2024-01-10 06:25:04', '2024-01-10 06:25:04'),
(170, 96, 4, NULL, 0, '2024-01-10 06:40:05', '2024-01-10 06:40:05'),
(171, 97, 1, 'sample_2KG6GCKEC638HJ8.pdf', 1, '2024-01-10 07:23:33', '2024-01-17 09:28:58'),
(172, 97, 2, NULL, 2, '2024-01-10 07:23:33', '2024-01-23 07:50:59');

-- --------------------------------------------------------

--
-- Table structure for table `requests`
--

CREATE TABLE `requests` (
  `id` int(11) NOT NULL,
  `user_id` int(11) NOT NULL,
  `property_id` int(11) NOT NULL,
  `total_amount` varchar(255) NOT NULL,
  `date` date NOT NULL,
  `time` time NOT NULL,
  `status` tinyint(2) NOT NULL DEFAULT '0' COMMENT '0: Pending, 1: Active: 2: Reject, 3: Complated',
  `is_payment` tinyint(2) DEFAULT '0' COMMENT '0: Paid, 1: Unpaid ',
  `createdAt` timestamp NOT NULL DEFAULT CURRENT_TIMESTAMP,
  `updatedAt` timestamp NOT NULL DEFAULT CURRENT_TIMESTAMP ON UPDATE CURRENT_TIMESTAMP,
  `deletedAt` timestamp NULL DEFAULT NULL
) ENGINE=InnoDB DEFAULT CHARSET=latin1;

--
-- Dumping data for table `requests`
--

INSERT INTO `requests` (`id`, `user_id`, `property_id`, `total_amount`, `date`, `time`, `status`, `is_payment`, `createdAt`, `updatedAt`, `deletedAt`) VALUES
(1, 26, 13, '1000', '2023-12-05', '15:05:00', 0, 0, '2023-12-28 12:57:34', '2023-12-28 12:57:34', NULL),
(2, 26, 12, '1000', '2023-12-31', '00:00:00', 1, 0, '2023-12-28 13:21:25', '2023-12-29 06:17:27', NULL),
(3, 26, 12, '2000', '2023-12-31', '06:52:00', 3, 0, '2023-12-28 13:22:14', '2023-12-29 06:41:47', NULL),
(4, 26, 9, '1000', '2023-12-31', '08:40:00', 2, 0, '2023-12-28 13:27:35', '2023-12-29 06:42:02', NULL),
(5, 26, 9, '1450', '2024-01-03', '09:52:00', 0, 0, '2024-01-02 06:22:33', '2024-01-02 06:22:33', NULL),
(6, 26, 27, '4250', '2024-01-16', '04:20:00', 3, 0, '2024-01-02 09:35:35', '2024-01-02 11:44:37', '2024-01-02 11:44:37'),
(7, 35, 28, '400', '2024-01-03', '01:20:00', 0, 0, '2024-01-02 10:50:19', '2024-01-02 10:52:54', '2024-01-02 10:52:54'),
(8, 35, 29, '550', '2024-01-02', '12:34:00', 1, 0, '2024-01-02 11:05:28', '2024-01-02 11:40:06', '2024-01-02 11:40:06'),
(9, 36, 30, '150', '2024-01-02', '05:40:00', 0, 0, '2024-01-02 11:11:07', '2024-01-02 11:11:07', NULL),
(10, 35, 29, '400', '2024-01-02', '00:00:00', 0, 0, '2024-01-02 11:20:38', '2024-01-02 11:40:06', '2024-01-02 11:40:06'),
(11, 35, 31, '550', '2024-01-02', '00:00:00', 0, 0, '2024-01-02 11:56:42', '2024-01-02 11:56:42', NULL),
(12, 39, 35, '2150', '2024-01-24', '12:10:00', 1, 0, '2024-01-03 06:10:53', '2024-01-03 09:42:23', NULL),
(13, 44, 37, '350', '2024-01-04', '07:47:00', 1, 0, '2024-01-03 10:17:30', '2024-01-03 10:54:39', '2024-01-03 10:54:39'),
(14, 44, 43, '1400', '2024-01-11', '03:18:00', 0, 0, '2024-01-03 11:49:12', '2024-01-03 11:49:12', NULL),
(15, 28, 10, '200', '2024-01-29', '05:56:00', 3, 0, '2024-01-03 12:27:16', '2024-01-04 09:30:01', '2024-01-04 09:30:01'),
(16, 44, 40, '300', '2024-01-03', '02:19:00', 0, 0, '2024-01-03 12:49:41', '2024-01-03 12:49:41', NULL),
(17, 45, 46, '2200', '2024-01-12', '04:59:00', 3, 0, '2024-01-04 06:29:07', '2024-01-04 06:37:23', NULL),
(18, 45, 47, '1400', '2024-01-12', '08:14:00', 3, 0, '2024-01-04 06:44:31', '2024-01-04 07:12:17', '2024-01-04 07:12:17'),
(19, 28, 11, '150', '2024-01-31', '06:30:00', 3, 0, '2024-01-04 07:00:43', '2024-01-04 13:07:10', '2024-01-04 13:07:10'),
(20, 28, 10, '2400', '2024-01-29', '07:37:00', 3, 0, '2024-01-04 07:07:53', '2024-01-04 09:30:01', '2024-01-04 09:30:01'),
(21, 46, 48, '1400', '2024-01-18', '08:40:00', 3, 0, '2024-01-04 08:10:33', '2024-01-04 09:23:40', '2024-01-04 09:23:40'),
(22, 46, 48, '1150', '2024-01-12', '08:34:00', 3, 0, '2024-01-04 09:04:32', '2024-01-04 09:23:40', '2024-01-04 09:23:40'),
(23, 46, 48, '350', '2024-01-18', '10:36:00', 3, 0, '2024-01-04 09:06:21', '2024-01-04 09:23:40', '2024-01-04 09:23:40'),
(24, 46, 48, '250', '2024-01-25', '10:46:00', 2, 0, '2024-01-04 09:16:44', '2024-01-04 09:23:40', '2024-01-04 09:23:40'),
(25, 46, 49, '2400', '2024-01-25', '12:17:00', 3, 0, '2024-01-04 09:47:43', '2024-01-04 10:00:18', NULL),
(26, 46, 50, '400', '2024-01-19', '04:07:00', 3, 0, '2024-01-04 10:02:58', '2024-01-04 10:15:59', NULL),
(27, 28, 52, '1000', '2024-01-15', '06:14:00', 0, 0, '2024-01-04 13:44:31', '2024-01-05 11:27:43', '2024-01-05 11:27:43'),
(28, 28, 52, '2200', '2024-01-30', '07:15:00', 3, 0, '2024-01-04 13:45:13', '2024-01-05 11:27:43', '2024-01-05 11:27:43'),
(29, 48, 53, '1000', '2024-01-31', '11:09:00', 3, 0, '2024-01-05 05:39:59', '2024-01-05 09:04:50', '2024-01-05 09:04:50'),
(30, 48, 53, '250', '2024-01-30', '06:37:00', 1, 0, '2024-01-05 06:08:03', '2024-01-05 09:04:50', '2024-01-05 09:04:50'),
(31, 49, 55, '400', '2024-01-05', '06:31:00', 3, 0, '2024-01-05 09:02:19', '2024-01-05 09:10:29', '2024-01-05 09:10:29'),
(32, 49, 58, '300', '2024-01-05', '12:06:00', 3, 0, '2024-01-05 09:36:45', '2024-01-05 09:37:24', NULL),
(33, 49, 58, '400', '2024-01-05', '08:08:00', 0, 0, '2024-01-05 09:39:03', '2024-01-05 09:39:03', NULL),
(34, 49, 58, '2000', '2024-01-05', '05:09:00', 0, 0, '2024-01-05 09:39:24', '2024-01-05 09:39:24', NULL),
(35, 53, 66, '150', '2024-01-05', '06:22:00', 0, 0, '2024-01-05 09:52:27', '2024-01-05 09:53:35', '2024-01-05 09:53:35'),
(36, 48, 69, '1150', '2024-01-31', '05:28:00', 3, 0, '2024-01-05 09:58:45', '2024-01-05 10:43:34', '2024-01-05 10:43:34'),
(37, 28, 71, '3000', '2024-01-30', '05:41:00', 3, 0, '2024-01-05 12:11:10', '2024-01-09 13:33:36', NULL),
(38, 28, 72, '2000', '2024-01-05', '06:13:00', 3, 0, '2024-01-05 12:43:58', '2024-01-05 12:44:28', NULL),
(39, 55, 74, '4400', '2024-01-05', '01:25:00', 1, 0, '2024-01-05 13:55:55', '2024-01-05 13:57:57', NULL),
(40, 55, 74, '250', '2024-01-11', '02:29:00', 3, 0, '2024-01-05 13:59:10', '2024-01-05 13:59:58', NULL),
(41, 34, 44, '1400', '2024-01-08', '11:16:00', 3, 0, '2024-01-08 05:46:57', '2024-01-09 12:10:47', NULL),
(42, 56, 76, '1650', '2024-01-09', '09:54:00', 3, 0, '2024-01-08 09:25:02', '2024-01-08 10:31:08', NULL),
(43, 26, 75, '150', '2024-01-23', '05:59:00', 0, 0, '2024-01-08 09:29:19', '2024-01-08 13:33:51', '2024-01-08 13:33:51'),
(44, 56, 76, '400', '2024-01-08', '08:00:00', 0, 0, '2024-01-08 09:30:17', '2024-01-08 09:30:17', NULL),
(45, 26, 75, '400', '2024-01-08', '08:02:00', 3, 0, '2024-01-08 09:32:19', '2024-01-08 13:33:51', '2024-01-08 13:33:51'),
(46, 56, 76, '700', '2024-01-08', '10:03:00', 3, 0, '2024-01-08 09:33:09', '2024-01-08 10:07:36', NULL),
(47, 56, 76, '2400', '2024-01-08', '07:05:00', 2, 0, '2024-01-08 09:35:18', '2024-01-09 10:57:26', NULL),
(48, 26, 75, '1400', '2024-01-08', '04:19:00', 3, 0, '2024-01-08 09:49:13', '2024-01-08 13:33:51', '2024-01-08 13:33:51'),
(49, 56, 76, '1400', '2024-01-09', '08:07:00', 0, 0, '2024-01-08 10:37:11', '2024-01-08 10:37:11', NULL),
(50, 57, 77, '350', '2024-02-16', '03:01:00', 0, 0, '2024-01-08 11:05:07', '2024-01-08 11:05:07', NULL),
(51, 26, 75, '150', '2024-01-30', '04:37:00', 0, 0, '2024-01-08 11:07:29', '2024-01-08 13:33:51', '2024-01-08 13:33:51'),
(52, 26, 75, '150', '2024-01-31', '04:39:00', 0, 0, '2024-01-08 11:09:32', '2024-01-08 13:33:51', '2024-01-08 13:33:51'),
(53, 26, 75, '150', '2024-01-08', '04:40:00', 0, 0, '2024-01-08 11:11:09', '2024-01-08 13:33:51', '2024-01-08 13:33:51'),
(54, 26, 75, '2000', '2024-01-08', '04:42:00', 0, 0, '2024-01-08 11:14:45', '2024-01-08 13:33:51', '2024-01-08 13:33:51'),
(55, 26, 75, '250', '2024-01-08', '08:46:00', 1, 0, '2024-01-08 11:16:44', '2024-01-08 13:33:51', '2024-01-08 13:33:51'),
(56, 58, 79, '400', '2024-01-25', '02:26:00', 2, 0, '2024-01-08 11:57:14', '2024-01-09 10:57:12', NULL),
(57, 58, 79, '2400', '2024-01-27', '02:36:00', 2, 0, '2024-01-08 12:06:40', '2024-01-09 10:57:02', NULL),
(58, 26, 75, '3000', '2024-01-08', '06:01:00', 0, 0, '2024-01-08 12:31:50', '2024-01-08 13:33:51', '2024-01-08 13:33:51'),
(59, 61, 80, '3400', '2024-01-08', '05:14:00', 0, 0, '2024-01-08 13:44:46', '2024-01-08 13:44:46', NULL),
(60, 61, 80, '1400', '2024-01-18', '07:15:00', 0, 0, '2024-01-08 13:45:43', '2024-01-08 13:45:43', NULL),
(61, 61, 80, '2200', '2024-01-30', '06:16:00', 0, 0, '2024-01-08 13:47:09', '2024-01-08 13:47:09', NULL),
(62, 61, 80, '1000', '2024-01-23', '06:20:00', 0, 0, '2024-01-08 13:50:12', '2024-01-08 13:50:12', NULL),
(63, 61, 80, '150', '2024-01-31', '07:21:00', 0, 0, '2024-01-08 13:51:12', '2024-01-08 13:51:12', NULL),
(64, 61, 80, '3500', '2024-01-17', '01:22:00', 1, 0, '2024-01-08 13:52:26', '2024-01-08 13:52:54', NULL),
(65, 62, 82, '3350', '2024-01-19', '03:00:00', 3, 0, '2024-01-09 05:14:26', '2024-01-09 07:43:20', '2024-01-09 07:43:20'),
(66, 62, 82, '400', '2024-01-26', '07:52:00', 2, 0, '2024-01-09 05:22:15', '2024-01-09 07:43:20', '2024-01-09 07:43:20'),
(67, 62, 82, '400', '2024-01-18', '04:04:00', 3, 0, '2024-01-09 05:34:37', '2024-01-09 07:43:20', '2024-01-09 07:43:20'),
(68, 62, 83, '400', '2024-01-09', '07:11:00', 3, 0, '2024-01-09 05:41:36', '2024-01-09 06:19:51', '2024-01-09 06:19:51'),
(69, 62, 82, '1000', '2024-01-09', '07:29:00', 3, 0, '2024-01-09 05:59:09', '2024-01-09 07:43:20', '2024-01-09 07:43:20'),
(70, 62, 84, '150', '2024-06-21', '10:18:00', 1, 0, '2024-01-09 07:48:35', '2024-01-09 07:49:25', NULL),
(71, 34, 44, '350', '2024-01-09', '03:26:00', 3, 0, '2024-01-09 09:56:20', '2024-01-09 12:02:49', NULL),
(72, 63, 85, '350', '2024-01-25', '12:20:00', 0, 0, '2024-01-09 11:50:46', '2024-01-09 11:50:46', NULL),
(73, 63, 85, '150', '2024-01-19', '12:20:00', 0, 0, '2024-01-09 11:51:12', '2024-01-09 11:51:12', NULL),
(74, 63, 85, '150', '2024-01-09', '01:22:00', 3, 0, '2024-01-09 11:52:42', '2024-01-09 12:15:04', NULL),
(75, 63, 85, '1250', '2024-01-09', '09:23:00', 3, 0, '2024-01-09 11:53:08', '2024-01-09 12:11:55', NULL),
(76, 63, 85, '200', '2024-01-09', '11:24:00', 3, 0, '2024-01-09 11:54:55', '2024-01-09 12:00:55', NULL),
(77, 34, 44, '150', '2024-01-09', '05:44:00', 2, 0, '2024-01-09 12:14:31', '2024-01-09 13:06:26', NULL),
(78, 67, 87, '1000', '2024-01-09', '01:48:00', 3, 0, '2024-01-09 13:18:43', '2024-01-09 13:22:23', NULL),
(79, 67, 87, '150', '2024-01-09', '03:54:00', 2, 0, '2024-01-09 13:24:28', '2024-01-09 13:24:47', NULL),
(80, 67, 87, '250', '2024-01-09', '05:56:00', 3, 0, '2024-01-09 13:26:23', '2024-01-09 13:30:17', NULL),
(81, 68, 88, '1500', '2024-01-09', '07:14:00', 1, 0, '2024-01-09 13:44:39', '2024-01-09 13:44:58', NULL),
(82, 28, 72, '150', '2024-01-09', '07:22:00', 3, 0, '2024-01-09 13:52:49', '2024-01-09 13:53:27', NULL),
(83, 69, 89, '400', '2024-01-09', '01:29:00', 1, 0, '2024-01-09 14:00:00', '2024-01-09 14:00:21', NULL),
(84, 69, 89, '150', '2024-01-09', '04:30:00', 1, 0, '2024-01-09 14:00:42', '2024-01-09 14:00:51', NULL),
(85, 69, 90, '1000', '2024-01-09', '04:31:00', 3, 0, '2024-01-09 14:01:53', '2024-01-09 14:02:33', NULL),
(86, 69, 89, '400', '2024-01-09', '03:36:00', 0, 0, '2024-01-09 14:06:08', '2024-01-09 14:06:08', NULL),
(87, 69, 89, '400', '2024-01-09', '03:36:00', 0, 0, '2024-01-09 14:06:13', '2024-01-09 14:06:13', NULL),
(88, 69, 89, '400', '2024-01-09', '03:36:00', 0, 0, '2024-01-09 14:06:18', '2024-01-09 14:06:18', NULL),
(89, 69, 89, '2250', '2024-01-09', '03:36:00', 0, 0, '2024-01-09 14:06:35', '2024-01-09 14:06:35', NULL),
(90, 69, 90, '150', '2024-01-09', '05:36:00', 0, 0, '2024-01-09 14:06:58', '2024-01-09 14:06:58', NULL),
(91, 69, 90, '150', '2024-01-09', '05:36:00', 0, 0, '2024-01-09 14:07:25', '2024-01-09 14:07:25', NULL),
(92, 69, 90, '150', '2024-01-09', '05:36:00', 0, 0, '2024-01-09 14:07:37', '2024-01-09 14:07:37', NULL),
(93, 69, 89, '1400', '2024-01-09', '03:38:00', 1, 0, '2024-01-09 14:08:21', '2024-01-11 05:24:24', NULL),
(94, 69, 89, '1400', '2024-01-10', '01:53:00', 0, 0, '2024-01-10 06:23:40', '2024-01-10 06:23:40', NULL),
(95, 69, 90, '200', '2024-01-10', '01:54:00', 2, 0, '2024-01-10 06:25:04', '2024-01-11 05:17:27', NULL),
(96, 69, 90, '250', '2024-01-10', '07:09:00', 3, 0, '2024-01-10 06:40:05', '2024-01-10 08:03:26', NULL),
(97, 28, 72, '350', '2024-01-10', '06:30:00', 2, 0, '2024-01-10 07:23:33', '2024-01-11 05:25:39', NULL);

-- --------------------------------------------------------

--
-- Table structure for table `reviews`
--

CREATE TABLE `reviews` (
  `id` int(11) NOT NULL,
  `user_id` int(11) DEFAULT NULL,
  `request_id` int(11) NOT NULL,
  `propertyId` int(11) DEFAULT NULL,
  `rating` int(11) NOT NULL,
  `description` text NOT NULL,
  `createdAt` timestamp NOT NULL DEFAULT CURRENT_TIMESTAMP,
  `updatedAt` timestamp NOT NULL DEFAULT CURRENT_TIMESTAMP ON UPDATE CURRENT_TIMESTAMP
) ENGINE=InnoDB DEFAULT CHARSET=latin1;

--
-- Dumping data for table `reviews`
--

INSERT INTO `reviews` (`id`, `user_id`, `request_id`, `propertyId`, `rating`, `description`, `createdAt`, `updatedAt`) VALUES
(1, 48, 36, 69, 4, 'asdfghjkl', '2024-01-05 10:30:16', '2024-01-05 10:30:16'),
(2, 48, 36, 69, 2, 'bank,.', '2024-01-05 10:30:44', '2024-01-05 10:30:44'),
(3, 48, 36, 69, 2, 'bank,. gfh', '2024-01-05 10:34:09', '2024-01-05 10:34:09'),
(4, 48, 36, 69, 3, 'asdfghn ng ', '2024-01-05 10:39:08', '2024-01-05 10:39:08'),
(5, 28, 28, 52, 3, 'fgdgd', '2024-01-05 10:58:52', '2024-01-05 10:58:52'),
(6, 28, 38, 72, 1, 'sad', '2024-01-05 12:57:52', '2024-01-05 12:57:52'),
(7, 28, 38, 72, 3, 'saderewr', '2024-01-05 12:58:29', '2024-01-05 12:58:29'),
(8, 55, 40, 74, 5, 'hzjxkkx', '2024-01-05 14:00:07', '2024-01-05 14:00:07'),
(9, 26, 3, 12, 2, 'dc', '2024-01-08 09:33:35', '2024-01-08 09:33:35'),
(10, 26, 48, 75, 3, 'hi', '2024-01-08 09:56:58', '2024-01-08 09:56:58'),
(11, 56, 47, 76, 3, 'cctctctct', '2024-01-08 10:04:14', '2024-01-08 10:04:14'),
(12, 26, 45, 75, 2, 'qwertyb ikjmn b mnbhjmn jmn jh jkb kjb kjb kjmn kjm kjm kjm kjmn Thanks for sharing your reviewsyjbhmn j,mbn ', '2024-01-08 10:27:22', '2024-01-08 10:27:22'),
(13, 26, 45, 75, 2, 'qwertyb ikjmn b mnbhjmn jmn jh jkb kjb kjb kjmn kjm kjm kjm kjmn Thanks for sharing your reviewsyjbhmn j,mbn ', '2024-01-08 10:27:50', '2024-01-08 10:27:50'),
(14, 26, 45, 75, 2, 'qwertyb ikjmn b mnbhjmn jmn jh jkb kjb kjb kjmn kjm kjm kjm kjmn Thanks for sharing your reviewsyjbhmn j,mbn ', '2024-01-08 10:30:09', '2024-01-08 10:30:09'),
(15, 56, 42, 76, 5, 'shsijdjs', '2024-01-08 10:31:35', '2024-01-08 10:31:35'),
(16, 58, 56, 79, 5, 'hvjcjvcjjvjjc', '2024-01-08 12:04:26', '2024-01-08 12:04:26'),
(17, 58, 57, 79, 3, 'hyjdkfnfnfnfnfnfndndjfjfnfncc', '2024-01-08 12:11:02', '2024-01-08 12:11:02'),
(18, 62, 65, 82, 4, 'nice owsm services', '2024-01-09 05:21:37', '2024-01-09 05:21:37'),
(19, 62, 67, 82, 2, 'hsjdjdjd', '2024-01-09 05:39:09', '2024-01-09 05:39:09'),
(20, 62, 68, 83, 3, 'gititi8t8t8t', '2024-01-09 05:58:13', '2024-01-09 05:58:13'),
(21, 62, 69, 82, 4, 'hsjdjdjd', '2024-01-09 05:59:49', '2024-01-09 05:59:49'),
(22, 62, 69, 82, 4, 'hsjjsjs', '2024-01-09 05:59:57', '2024-01-09 05:59:57'),
(23, 62, 69, 82, 4, 'bsnnsns', '2024-01-09 06:00:05', '2024-01-09 06:00:05'),
(24, 62, 66, 82, 5, 'bkvivig', '2024-01-09 07:42:59', '2024-01-09 07:42:59'),
(25, 63, 76, 85, 5, 'vsbsbsnndndc', '2024-01-09 12:01:05', '2024-01-09 12:01:05'),
(26, 63, 76, 85, 5, 'vjgu', '2024-01-09 12:01:14', '2024-01-09 12:01:14'),
(27, 34, 71, 44, 3, 'asdfg', '2024-01-09 12:03:02', '2024-01-09 12:03:02'),
(28, 34, 41, 44, 3, 'sdsdd', '2024-01-09 12:11:00', '2024-01-09 12:11:00'),
(29, 63, 75, 85, 5, 'bsjsjd', '2024-01-09 12:12:01', '2024-01-09 12:12:01'),
(30, 34, 41, 44, 3, 'fdf', '2024-01-09 12:12:47', '2024-01-09 12:12:47'),
(31, 34, 77, 44, 3, 'wewewewe', '2024-01-09 12:15:02', '2024-01-09 12:15:02'),
(32, 63, 74, 85, 4, 'chjjffj', '2024-01-09 12:15:14', '2024-01-09 12:15:14'),
(33, 63, 74, 85, 5, 'hvkjvkv', '2024-01-09 12:15:25', '2024-01-09 12:15:25'),
(34, 67, 78, 87, 5, 'hsjdjdjfkf', '2024-01-09 13:22:39', '2024-01-09 13:22:39'),
(35, 67, 80, 87, 0, 'hsjdjdjdjdjf', '2024-01-09 13:37:13', '2024-01-09 13:37:13'),
(36, 69, 85, 90, 5, 'bznnxnx', '2024-01-09 14:02:39', '2024-01-09 14:02:39');

-- --------------------------------------------------------

--
-- Table structure for table `services`
--

CREATE TABLE `services` (
  `id` int(11) NOT NULL,
  `service_name` varchar(255) NOT NULL,
  `status` tinyint(2) NOT NULL DEFAULT '1' COMMENT '0: In-active, 1: Active',
  `price` varchar(255) NOT NULL,
  `createdAt` timestamp NOT NULL DEFAULT CURRENT_TIMESTAMP,
  `updatedAt` timestamp NOT NULL DEFAULT CURRENT_TIMESTAMP,
  `deletedAt` timestamp NULL DEFAULT NULL
) ENGINE=InnoDB DEFAULT CHARSET=latin1;

--
-- Dumping data for table `services`
--

INSERT INTO `services` (`id`, `service_name`, `status`, `price`, `createdAt`, `updatedAt`, `deletedAt`) VALUES
(1, 'Photography', 1, '200', '2023-11-23 06:38:19', '2023-11-23 07:18:55', NULL),
(2, 'Videography', 1, '150', '2023-11-23 07:19:45', '2023-11-23 07:19:45', NULL),
(3, 'Drone', 1, '150', '2023-11-23 07:37:36', '2023-11-23 07:37:36', NULL),
(4, 'Matterport', 1, '250', '2023-11-23 07:37:55', '2023-11-23 07:37:55', NULL),
(5, 'Floor plan', 1, '150', '2023-11-23 07:38:15', '2023-11-23 07:38:15', NULL),
(6, '3D Interior (Single Room)', 1, '1250', '2023-11-23 07:39:05', '2023-11-23 07:39:05', NULL),
(7, '3D Exterior', 1, '1000', '2023-11-23 07:39:33', '2023-11-23 07:39:33', NULL),
(8, 'Fly Through', 1, '2000', '2023-11-23 07:40:05', '2023-11-23 07:51:05', NULL),
(9, 'Test1', 1, '1000', '2023-12-01 06:32:01', '2023-12-01 06:32:08', '2023-12-01 06:32:14'),
(10, 'avc', 1, '23344', '2024-01-01 10:21:10', '2024-01-01 10:21:10', '2024-01-01 10:21:49'),
(11, 'ani', 1, '600', '2024-01-03 10:47:30', '2024-01-03 10:47:30', '2024-01-03 10:47:43'),
(12, 'vv', 1, 'vvbdfj', '2024-01-08 09:52:20', '2024-01-08 09:52:20', '2024-01-08 09:52:26'),
(13, 'bn', 1, '900', '2024-01-09 06:07:55', '2024-01-09 06:07:55', NULL),
(14, 'ddd', 1, '44444', '2024-01-09 12:07:09', '2024-01-09 12:07:09', NULL);

-- --------------------------------------------------------

--
-- Table structure for table `socket_user`
--

CREATE TABLE `socket_user` (
  `id` int(11) NOT NULL,
  `user_id` int(11) NOT NULL,
  `socket_id` varchar(255) NOT NULL,
  `is_online` tinyint(2) NOT NULL COMMENT '1=Online, 0=Offline',
  `createdAt` timestamp NOT NULL DEFAULT CURRENT_TIMESTAMP,
  `updatedAt` timestamp NOT NULL DEFAULT CURRENT_TIMESTAMP ON UPDATE CURRENT_TIMESTAMP,
  `deletedAt` timestamp NULL DEFAULT NULL
) ENGINE=InnoDB DEFAULT CHARSET=latin1;

--
-- Dumping data for table `socket_user`
--

INSERT INTO `socket_user` (`id`, `user_id`, `socket_id`, `is_online`, `createdAt`, `updatedAt`, `deletedAt`) VALUES
(1, 1, 'BUUzuUAEvA_dQILcAAAN', 1, '2024-01-02 07:08:20', '2024-04-04 07:54:26', NULL),
(2, 34, 'UUAHHhWQYFNFVSLrAAEK', 1, '2024-01-02 07:19:17', '2024-01-09 12:20:12', NULL),
(3, 26, 'gLegeCRqiK7SUaoGAAAJ', 1, '2024-01-03 05:33:13', '2024-01-08 13:33:37', NULL),
(4, 38, 'GM64j0jUo6tVSH5XAAAZ', 1, '2024-01-03 05:49:39', '2024-01-03 05:52:12', NULL),
(5, 39, 'egfzE2LX4YKCy1O-AABb', 1, '2024-01-03 06:01:34', '2024-01-03 12:21:33', NULL),
(6, 44, 'k01A_DatR1gx6MIKAAA_', 1, '2024-01-03 10:15:36', '2024-01-05 06:29:00', NULL),
(7, 28, 'oLvZ6EJhqg4gRStBAAAD', 1, '2024-01-03 12:26:13', '2024-01-10 07:42:30', NULL),
(8, 45, 'i3iY50tBtatoKJZbAAAF', 1, '2024-01-04 06:23:35', '2024-01-04 07:32:19', NULL),
(9, 46, 'BaXzo8jYE51sA_YwAAAo', 1, '2024-01-04 08:05:49', '2024-01-04 10:38:41', NULL),
(10, 47, 'w8UZel9VslmtGmDtAABY', 1, '2024-01-04 11:20:11', '2024-01-04 11:20:11', NULL),
(11, 48, 'GyPQPFNF1jw1pP_aAAAP', 1, '2024-01-05 05:37:47', '2024-01-05 10:54:04', NULL),
(12, 49, '_R5Pq_dTPr4U9-vTAABP', 1, '2024-01-05 08:04:10', '2024-01-05 09:33:00', NULL),
(13, 50, 'lmxsbk9SMA3Y_cq4AAAN', 1, '2024-01-05 08:06:47', '2024-01-05 08:07:27', NULL),
(14, 51, 'eXh4U0pZjCUf2SODAABH', 1, '2024-01-05 09:26:12', '2024-01-05 09:27:14', NULL),
(15, 52, 'tYCal28MRK-dLTxzAAAB', 1, '2024-01-05 09:42:30', '2024-01-05 09:42:30', NULL),
(16, 53, 'V4iEKO9c4a8n4jV9AAAd', 1, '2024-01-05 09:43:02', '2024-01-05 11:22:11', NULL),
(17, 54, 'N4rTPAToz6mCuwkfAAAQ', 1, '2024-01-05 13:31:19', '2024-01-05 13:35:34', NULL),
(18, 55, 'dLKP5mdYULpXptYXAAAY', 1, '2024-01-05 13:54:26', '2024-01-05 13:54:26', NULL),
(19, 56, 'FSYOBviwalKCcN8yAADP', 1, '2024-01-08 09:11:39', '2024-01-08 11:35:27', NULL),
(20, 57, 'QStt0dGkc-MCrkTKAAC9', 1, '2024-01-08 10:51:03', '2024-01-08 11:09:53', NULL),
(21, 58, '-sWU9f311ZHMG3GVAAEF', 1, '2024-01-08 11:45:13', '2024-01-08 12:32:38', NULL),
(22, 61, 'xuT5Xkjs9iRsLpBzAABQ', 1, '2024-01-08 12:56:22', '2024-01-08 14:03:24', NULL),
(23, 62, 'QEO6hIT9eXu1IYQCAABv', 1, '2024-01-09 05:10:16', '2024-01-09 08:01:32', NULL),
(24, 63, 'c39S3-p7-JIeJwi2AAAR', 1, '2024-01-09 11:47:48', '2024-01-09 13:11:12', NULL),
(25, 64, 'UUAHHhWQYFNFVSLrAAEK', 1, '2024-01-09 12:21:41', '2024-01-09 12:21:41', NULL),
(26, 66, 'sLl-ySwdUNW4_GzkAAEe', 1, '2024-01-09 12:28:17', '2024-01-09 12:49:55', NULL),
(27, 67, 'KwXh4hiYSuPD5Vw5AAAR', 1, '2024-01-09 13:15:02', '2024-01-09 13:35:26', NULL),
(28, 68, 'snHTuUW1C-v-3uPRAAAh', 1, '2024-01-09 13:43:23', '2024-01-09 13:55:13', NULL),
(29, 69, 'rsgHa4_MfRcqjkdfAAAK', 1, '2024-01-09 13:58:37', '2024-01-10 07:31:18', NULL),
(30, 2, 'g7r8-AHV78EEhxjsAAAB', 1, '2024-01-18 11:16:36', '2024-01-18 11:16:36', NULL),
(31, 59, 'N25kyef58doM1ZRrAAAL', 1, '2024-03-04 07:39:05', '2024-03-04 07:39:05', NULL);

-- --------------------------------------------------------

--
-- Table structure for table `users`
--

CREATE TABLE `users` (
  `id` int(11) NOT NULL,
  `name` varchar(255) NOT NULL,
  `email` varchar(255) NOT NULL,
  `country_code` varchar(10) NOT NULL,
  `mobile` varchar(15) NOT NULL,
  `password` varchar(255) DEFAULT NULL,
  `role` tinyint(2) NOT NULL DEFAULT '1' COMMENT 'Admin = 0, Users = 1,',
  `image` varchar(255) DEFAULT NULL,
  `otp` varchar(11) DEFAULT NULL,
  `location` varchar(255) NOT NULL,
  `latitude` varchar(255) DEFAULT NULL,
  `longitude` varchar(255) DEFAULT NULL,
  `is_verified` tinyint(2) NOT NULL DEFAULT '0' COMMENT '0 = Not verified, 1 = verified',
  `status` tinyint(2) NOT NULL DEFAULT '1' COMMENT '1 = active. 0 = inactive',
  `device_token` varchar(255) DEFAULT NULL,
  `device_type` int(11) DEFAULT NULL COMMENT '1= Android, 2= IOS',
  `forgot_password_token` longtext,
  `is_notification` tinyint(2) NOT NULL DEFAULT '1' COMMENT '1 = on, 2 = off',
  `social_id` varchar(255) NOT NULL DEFAULT '0',
  `social_type` int(2) NOT NULL DEFAULT '0' COMMENT '0: Normal Login, 1: Twitter, 2:  Google, 3:  Apple',
  `createdAt` timestamp NOT NULL DEFAULT CURRENT_TIMESTAMP,
  `updatedAt` timestamp NOT NULL DEFAULT CURRENT_TIMESTAMP ON UPDATE CURRENT_TIMESTAMP,
  `deletedAt` timestamp NULL DEFAULT NULL
) ENGINE=InnoDB DEFAULT CHARSET=latin1;

--
-- Dumping data for table `users`
--

INSERT INTO `users` (`id`, `name`, `email`, `country_code`, `mobile`, `password`, `role`, `image`, `otp`, `location`, `latitude`, `longitude`, `is_verified`, `status`, `device_token`, `device_type`, `forgot_password_token`, `is_notification`, `social_id`, `social_type`, `createdAt`, `updatedAt`, `deletedAt`) VALUES
(1, 'Admin', 'admin@gmail.com', '+91', '8800008800', '$2b$10$A1lc8wz.LGaniPzNVptvleEBx25G.dcnd0qm6kEfHk15oAIK56.MW', 0, 'GK7J4E67EK7DG58DC69F3E2305EK.jpg', NULL, 'Mohali, India', NULL, NULL, 1, 1, 'dsc', 1, NULL, 1, '0', 0, '2023-11-22 09:12:04', '2024-03-05 06:47:34', NULL),
(2, 'User', 'user@gmail.com', '+91', '8800008800', '$2b$10$A1lc8wz.LGaniPzNVptvleEBx25G.dcnd0qm6kEfHk15oAIK56.MW', 1, '3-small.png', NULL, 'Mohali, India', NULL, NULL, 1, 1, 'dsc', 1, NULL, 1, '0', 0, '2023-11-22 09:12:04', '2023-11-28 10:12:27', NULL),
(3, 'User2', 'user2@gmail.com', '+91', '8800008801', '$2b$10$A1lc8wz.LGaniPzNVptvleEBx25G.dcnd0qm6kEfHk15oAIK56.MW', 1, '701HF51D051G4G3F83DK61GBEHDB.jpg', '3291', 'Mohali, India', NULL, NULL, 1, 1, 'serdtssssssssssssssssssss', 1, NULL, 1, '0', 0, '2023-11-22 09:12:04', '2024-04-04 07:26:41', NULL),
(4, 'user3', 'user3@gmail.com', '+91', '8800008803', '$2b$10$rhLYN5Gkt1KBws6ITesO6OyuQbfPwYv20bQovlMAr4NHlxB61LPYm', 1, 'BC4G86H2J68KH598H5JBK98B7065.jpg', '6281', 'mohali', NULL, NULL, 0, 1, NULL, NULL, NULL, 1, '0', 0, '2023-12-04 12:55:04', '2023-12-04 12:55:04', NULL),
(7, 'user4', 'user4@gmail.com', '+91', '8800008804', '$2b$10$5b2TveoVDEeCBeJi0NhvP.FMFgpLatiLfjVKHNRs.luXrq6gXzIWa', 1, '26E9G343FKB8E3B0B42J268B6C6K.jpg', '4488', 'mohali', NULL, NULL, 1, 1, '', NULL, NULL, 1, '0', 0, '2023-12-04 13:08:53', '2024-01-08 09:47:20', NULL),
(8, 'user5', 'user5@gmail.com', '+91', '8800008805', '$2b$10$Y9aOOZ5qDZlrkZXA9zydAe/KwpKDnutJS37eRXjYukCZC0EW/HXZS', 1, 'H92DC538FHJGK3D30G14CF85D9FJ.jpg', '2158', 'mohali', NULL, NULL, 0, 1, '', NULL, NULL, 1, '0', 0, '2023-12-11 09:40:00', '2023-12-11 09:40:20', NULL),
(9, 'reena', 'reena@gmail.com', '+91', '45353455345', NULL, 1, 'CB934J601KHK032JHJ31E04JBK0G.jpg', '7753', 'Delhi, India', NULL, NULL, 0, 1, NULL, NULL, NULL, 1, '0', 0, '2023-12-22 10:10:47', '2023-12-22 10:10:47', NULL),
(10, 'Ram', 'ramram@gmail.com', '+91', '98746578456', NULL, 1, '2JDCBE54GD6H530FG6J95HFCBJ36.png', '9234', 'Rameswaram, Tamil Nadu, India', NULL, NULL, 0, 1, NULL, NULL, NULL, 1, '0', 0, '2023-12-22 10:22:57', '2023-12-22 10:22:57', NULL),
(11, 'user4', 'user41@gmail.com', '+91', '88000088045', NULL, 1, '4J4J50EKDKCB5782C94912DJBEFE.png', '1689', 'mohali', NULL, NULL, 0, 1, NULL, NULL, NULL, 1, '0', 0, '2023-12-22 10:25:05', '2023-12-22 10:25:05', NULL),
(12, 'Ram', 'ramrambhai@gmail.com', '+91', '9874657845', NULL, 1, 'DJ6CK2JD606E878CEDKH08FK6545.png', '3143', 'Rameswaram, Tamil Nadu, India', NULL, NULL, 0, 1, NULL, NULL, NULL, 1, '0', 0, '2023-12-22 10:35:01', '2023-12-22 10:35:01', NULL),
(13, 'Ram', 'ramrambhaiyo@gmail.com', '+91', '9874657840', NULL, 1, '09B7GJEHGJ7260E092J76E64FK40.png', '8763', 'Rameswaram, Tamil Nadu, India', NULL, NULL, 0, 1, NULL, NULL, NULL, 1, '0', 0, '2023-12-22 10:35:53', '2023-12-22 10:35:53', NULL),
(14, 'Avinash Dubey', 'avi123@gmail.com', '+244', '9876543210', NULL, 1, 'C4G6JE174726090G8H1BH129H2C5.jpg', '9315', 'Mohali, Punjab, India', NULL, NULL, 0, 1, NULL, NULL, NULL, 1, '0', 0, '2023-12-26 05:13:44', '2023-12-26 05:13:44', NULL),
(15, 'Rahul Sharma', 'rahul@yopmail.com', '+1', '9874562850', NULL, 1, '2E6C8J6FEDJ0F09HK15710E4G340.jpg', '1236', 'Mohali, Punjab, India', NULL, NULL, 0, 1, NULL, NULL, NULL, 1, '0', 0, '2023-12-26 05:58:51', '2023-12-26 05:58:51', NULL),
(16, 'Praveen', 'pr@gmail.com', '+1', '468975487565', NULL, 1, 'JEGKE20H8GJBD819J4292FH9482B.png', '7367', 'Mohali, Punjab, India', NULL, NULL, 0, 1, NULL, NULL, NULL, 1, '0', 0, '2023-12-26 06:08:39', '2023-12-26 06:08:39', NULL),
(17, 'Parveen Sharma', 'parveen1@yopmail.com', '+1', '1234567896', NULL, 1, 'G02JHF3FDJ452CJFK4K010E8J62D.png', '1616', 'Mohali, Punjab, India', NULL, NULL, 0, 1, NULL, NULL, NULL, 1, '0', 0, '2023-12-26 07:01:36', '2023-12-26 07:01:36', NULL),
(18, 'Parveen Bhai', 'parveen14@yopmail.com', '+1', '7876109891', NULL, 1, 'DFE65C4086E4KBJ61C252517BJ17.png', '3385', 'Mohali, Punjab, India', NULL, NULL, 0, 1, NULL, NULL, NULL, 1, '0', 0, '2023-12-26 07:18:06', '2023-12-26 07:18:06', NULL),
(19, 'Deepak', 'deep123@yopmail.com', '+1', '8578858587', NULL, 1, 'H920K63K2540GDG42382B608HEKH.jpg', '1799', 'Mohali, Punjab, India', NULL, NULL, 0, 1, NULL, NULL, NULL, 1, '0', 0, '2023-12-26 07:24:07', '2023-12-26 07:24:07', NULL),
(20, 'Gourav', 'go@gmail.com', '+1', '757878545577', NULL, 1, 'H37F7D98B7G08H04FC05476385D2.jpg', '8601', 'Mohali, Punjab, India', NULL, NULL, 0, 1, NULL, NULL, NULL, 1, '0', 0, '2023-12-26 07:26:27', '2023-12-26 07:26:27', NULL),
(21, 'Shweta Sharma', 'shweta@gmail.com', '+1', '7894258585', NULL, 1, '21K53KE9G1ECG73KH0D85DC1GF3H.jpg', '8231', 'Mohali, Punjab, India', NULL, NULL, 0, 1, NULL, NULL, NULL, 1, '0', 0, '2023-12-26 07:34:51', '2023-12-26 07:34:51', NULL),
(22, 'Meena', 'reenaj@gmail.com', '+91', '894156233946', NULL, 1, '08C78EJB0BCE26176J50K7K092CK.jpg', '6491', 'Mohali 7 Phase, Sector 61, Sahibzada Ajit Singh Nagar, Punjab, India', NULL, NULL, 0, 1, NULL, NULL, NULL, 1, '0', 0, '2023-12-26 07:50:00', '2023-12-26 07:50:00', NULL),
(23, 'Parveen Kumar', 'parveen@kumar.com', '+1', '9896109891', NULL, 1, 'FB70JG9EJ76C14DCJ53590C7J4JC.png', '8251', 'Mohali 7 Phase, Sector 61, Sahibzada Ajit Singh Nagar, Punjab, India', NULL, NULL, 1, 1, NULL, NULL, NULL, 1, '0', 0, '2023-12-26 09:21:27', '2023-12-28 07:06:44', NULL),
(24, 'mona', 'mona@gmail.com', '+1', '987458745665', NULL, 1, '8B6BC2635J1J78HGHC34D78CD42D.jpg', '2155', 'Mohali, Punjab, India', NULL, NULL, 0, 1, NULL, NULL, NULL, 1, '0', 0, '2023-12-26 12:22:45', '2023-12-26 12:22:45', NULL),
(25, 'sona', 'sona@gmail.com', '+1', '9056838227', NULL, 1, 'BD4FG6E57EG7CB7H6H3GHJ6FE3H0.jpg', NULL, 'Mohali, Punjab, India', NULL, NULL, 1, 1, '', NULL, NULL, 1, '0', 0, '2023-12-26 12:26:20', '2023-12-27 06:11:11', NULL),
(26, 'jatin', 'jatin@gmail.com', '+1', '9517722715', NULL, 1, '40E2GEJF956868GH5C8571H0HD1H.jpg', NULL, 'Mohali, Punjab, India', NULL, NULL, 1, 1, '', NULL, NULL, 0, '0', 0, '2023-12-26 12:38:38', '2024-01-08 13:09:47', NULL),
(27, 'Avinash Dubey', 'avinash@gmail.com', '+91', '8295663712', NULL, 1, '73ECDG3K972H27B63D04K9GBGBE4.jpg', NULL, 'Mohali, Punjab, India', NULL, NULL, 1, 1, '', NULL, NULL, 1, '0', 0, '2023-12-26 12:55:12', '2023-12-26 13:01:37', NULL),
(28, 'king khan', 'king@gmail.com', '+1', '9517722714', NULL, 1, '14E7C38K49817J7H4C2B2D47E252.jpg', NULL, 'Mohali, Punjab, India', NULL, NULL, 1, 1, 'dCNfMoIDSJyfwAjGJUPkQx:APA91bGsVlobgoiGcHu5RX4bAPPbxP8aXFslukGQ7tIoMicORqrRMgRURYEGAykuVxsrC6trG_KmrQ7Qui1UQCtYL3Povac5gUAnJLsussjXB01Bno90QTemDig9b4Y_fQrWwLoJ8jMy', 1, NULL, 1, '0', 0, '2023-12-26 13:02:42', '2024-01-10 07:31:44', NULL),
(29, 'minakshi', 'm@gmail.com', '+1', '9992128719', NULL, 1, '0E5CHBE9F302BKH495F6FK5G894C.jpg', NULL, 'Mohali, Punjab, India', NULL, NULL, 1, 1, '', NULL, NULL, 1, '0', 0, '2023-12-27 10:06:03', '2023-12-27 10:14:26', NULL),
(30, 'king', 'asdfgh@gmail.com', '+1', '9874563230', NULL, 1, '7JFB30J90F5F7971F130B320J357.jpg', NULL, 'Mohali, Punjab, India', NULL, NULL, 1, 1, '', NULL, NULL, 1, '0', 0, '2023-12-27 10:16:41', '2023-12-27 10:41:07', NULL),
(31, 'avinash', 'sgnz@gmail.com', '+1', '985632155253', NULL, 1, 'E195854JH50JG4F34DH8F913JF7K.png', NULL, 'Mohali, Punjab, India', NULL, NULL, 1, 1, NULL, NULL, NULL, 1, '0', 0, '2023-12-27 10:50:43', '2024-01-01 10:20:39', NULL),
(32, 'mohit', 'mohit@gmail.com', '+1', '846464564646', NULL, 1, '52865D021J1307C3J7035CG621K4.png', NULL, 'Mohali, Punjab, India', NULL, NULL, 1, 1, '', NULL, NULL, 1, '0', 0, '2023-12-27 11:01:51', '2023-12-27 13:13:55', NULL),
(33, 'suhaani', 'suhani@gmail.com', '+1', '876464664848', NULL, 1, '93G41H5BG3K36HBCD3F042H36DJH.jpg', NULL, 'Mohali, Punjab, India', NULL, NULL, 1, 1, '', NULL, NULL, 1, '0', 0, '2024-01-01 09:47:41', '2024-01-01 10:13:38', NULL),
(34, 'Luffy', 'luffy@gmail.com', '+1', '111111111111', NULL, 1, 'EHFH3BE8E6KC74K8G8JKJ60KJF48.jpg', NULL, 'Mohali, Punjab, India', NULL, NULL, 1, 1, '', 2, NULL, 1, '0', 0, '2024-01-02 05:29:57', '2024-01-09 12:20:19', NULL),
(35, 'dev', 'dev@gmail.com', '+1', '979764654364', NULL, 1, '7B51CH2BCG4B5729EDGDJCGB40H4.jpg', NULL, 'Mohali, Punjab, India', NULL, NULL, 1, 1, '', NULL, NULL, 1, '0', 0, '2024-01-02 10:48:02', '2024-01-02 13:22:33', NULL),
(36, 'zappy', 'zappy@gmail.com', '+1', '976484543649', NULL, 1, 'B1E4J5DCBC308GHB4GFC05FDCE7K.jpg', NULL, 'Mohali, Punjab, India', NULL, NULL, 1, 1, '', NULL, NULL, 1, '0', 0, '2024-01-02 10:59:32', '2024-01-02 11:47:22', NULL),
(37, 'erwe', 'ewrw@gmail.com', '+1', '545454534545', NULL, 1, 'BD675F5D9412DGDH069G87FK23KH.jpg', '5390', 'Toronto Pearson International Airport (YYZ), Silver Dart Drive, Mississauga, ON, Canada', NULL, NULL, 0, 1, NULL, NULL, NULL, 1, '0', 0, '2024-01-02 12:05:43', '2024-01-02 12:05:43', NULL),
(38, 'Praveen', 'prwn@gmail.com', '+91', '9517722715', NULL, 1, '6815JK7B2KDG2F480H1454HG8JG2.jpg', NULL, 'Mohali, Punjab, India', NULL, NULL, 1, 1, '', NULL, NULL, 1, '0', 0, '2024-01-03 05:49:32', '2024-01-03 05:52:20', NULL),
(40, 'mark', 'mark@gmail.com', '+1', '976765464346', NULL, 1, '35BDJH0H5DFKBEC801H20K89BK4G.png', NULL, 'Mohali, Punjab, India', NULL, NULL, 1, 1, '', NULL, NULL, 1, '0', 0, '2024-01-03 07:02:40', '2024-01-03 07:03:25', NULL),
(41, 'Jab', 'jab@gmail.com', '+1', '946454343464', NULL, 1, 'C1370CH0H43DB9J27F8D4K065164.jpg', '3831', 'Mohali, Punjab, India', NULL, NULL, 0, 1, NULL, NULL, NULL, 1, '0', 0, '2024-01-03 07:03:56', '2024-01-03 07:03:56', NULL),
(42, 'gebu', 'gebu@gmail.com', '+1', '965852336988', NULL, 1, '79H1F154D97CE67G8214HCEFH543.jpg', '5702', 'Mohali, Punjab, India', NULL, NULL, 0, 1, NULL, NULL, NULL, 1, '0', 0, '2024-01-03 07:06:59', '2024-01-03 07:06:59', NULL),
(43, 'garry', 'garry@gmail.com', '+1', '965552588569', NULL, 1, '9K1052K3H50H9JC7BK38J3JH5107.jpg', NULL, 'Mohali, Punjab, India', NULL, NULL, 1, 1, NULL, NULL, NULL, 1, '0', 0, '2024-01-03 07:07:54', '2024-01-03 07:07:59', NULL),
(44, 'bob', 'bob@gmai.com', '+1', '349484343764', NULL, 1, '1EB9K793J82CHEDK4E7160CJG42C.jpg', NULL, 'Mohali, Punjab, India', NULL, NULL, 1, 1, '', NULL, NULL, 1, '0', 0, '2024-01-03 10:15:31', '2024-01-04 10:53:55', NULL),
(45, 'rubi', 'rubi@gmail.com', '+1', '686857577242', NULL, 1, '18CE6KC52H32GEF2E7JK274H2HD1.jpg', NULL, 'Mohali, Punjab, India', NULL, NULL, 1, 1, NULL, NULL, NULL, 1, '0', 0, '2024-01-04 06:23:26', '2024-01-04 06:23:35', NULL),
(46, 'job', 'job@gmail.com', '+1', '858557722882', NULL, 1, '8H92KBD25K6JFCB8DKJC7C82JK4H.jpg', NULL, 'Mohali, Punjab, India', NULL, NULL, 1, 1, '', NULL, NULL, 1, '0', 0, '2024-01-04 08:05:43', '2024-01-04 10:53:33', NULL),
(47, 'ssasa', 'asasas@gmail.com', '+1', '342323232323', NULL, 1, '8F38KJ1DEB10C3072GF50EG35G6E.jpg', '2331', 'Sasasasas, Fusong County, changbaishan, Jilin, China', NULL, NULL, 0, 1, NULL, NULL, NULL, 1, '0', 0, '2024-01-04 11:16:30', '2024-01-04 11:16:30', NULL),
(48, 'puneet', 'pnt@gmail.com', '+1', '9517722713', NULL, 1, '4197H369J75KJE9HCDBD30D2FB84.jpg', NULL, 'Shahi Majra, Industrial Area, Sector 58, Sahibzada Ajit Singh Nagar, Punjab, India', NULL, NULL, 1, 1, '', NULL, NULL, 1, '0', 0, '2024-01-05 05:37:42', '2024-01-05 10:58:13', NULL),
(49, 'moha', 'mohan@gmail.com', '+1', '976575766755', NULL, 1, 'EC42BCKD34FCGE21CJ52F57DKF30.jpg', NULL, 'Mohali, Punjab, India', NULL, NULL, 1, 1, '', NULL, NULL, 1, '0', 0, '2024-01-05 08:03:43', '2024-01-05 09:39:40', NULL),
(50, 'dd', 'dd@gmail.com', '+1', '546484664343', NULL, 1, 'G03271987J0BHJH987EKG804H1KB.jpg', NULL, 'Mohali 7 Phase, Sector 61, Sahibzada Ajit Singh Nagar, Punjab, India', NULL, NULL, 1, 1, '', NULL, NULL, 1, '0', 0, '2024-01-05 08:06:33', '2024-01-05 08:07:33', NULL),
(51, 'seema', 'seema@gmail.com', '+1', '5764646666', NULL, 1, 'FH4D3DKC09D54H5GD17CEG35E1D5.jpg', NULL, 'Mohali, Punjab, India', NULL, NULL, 1, 1, '', NULL, NULL, 1, '0', 0, '2024-01-05 09:25:25', '2024-01-05 09:27:21', NULL),
(52, 'puff', 'puff@gmail.com', '+1', '558655665665', NULL, 1, 'B4EJK6HJ985D76270142JF62E9D1.jpg', '2124', 'Mohali, Punjab, India', NULL, NULL, 0, 1, NULL, NULL, NULL, 1, '0', 0, '2024-01-05 09:40:25', '2024-01-05 09:40:25', NULL),
(53, 'dipu', 'dipu@gmail.com', '+1', '868685372288', NULL, 1, '9CK3G2H58D3BH29GJG3G6EG36D3D.jpg', NULL, 'Mohali, Punjab, India', NULL, NULL, 1, 1, NULL, NULL, NULL, 1, '0', 0, '2024-01-05 09:42:58', '2024-01-05 09:43:02', NULL),
(54, 'jaspreet', 'jaspreet@gmail.com', '+1', '976464549464', NULL, 1, 'C5GCJGBJ71KF0GFB4K9BHKFD78C1.jpg', NULL, 'Mohali, Punjab, India', NULL, NULL, 1, 1, NULL, NULL, NULL, 1, '0', 0, '2024-01-05 13:31:15', '2024-01-05 13:31:19', NULL),
(55, 'suhana', 'suhana@gmail.com', '+1', '846364649496', NULL, 1, '2H7KFE70G969852JH9D5B701BC97.jpg', NULL, 'Mohali, Punjab, India', NULL, NULL, 1, 1, NULL, NULL, NULL, 1, '0', 0, '2024-01-05 13:54:22', '2024-01-05 13:54:26', NULL),
(56, 'sujata', 'sujata.sharma002@gmail.com', '+91', '976768646465', NULL, 1, 'K8HGE497F50B9D7KC8F7HJD73054.jpg', NULL, 'Phase 6, Sector 56, Mohali, Punjab, India', NULL, NULL, 1, 1, NULL, NULL, NULL, 1, '0', 0, '2024-01-08 09:11:26', '2024-01-08 10:30:35', NULL),
(57, 'hema', 'hema@gmail.com', '+1', '976767664546', NULL, 1, '12F6E157J81CDHK686E03K0E583F.jpg', NULL, 'Mohali, Punjab, India', NULL, NULL, 1, 1, '', NULL, NULL, 1, '0', 0, '2024-01-08 10:50:55', '2024-01-08 11:10:06', NULL),
(58, 'joy', 'joy@gmail.com', '+1', '673443484649', NULL, 1, '0CG942B429GDF0K531G65E501CJ9.jpg', NULL, 'Mohali, Punjab, India', NULL, NULL, 1, 1, NULL, NULL, NULL, 1, '0', 0, '2024-01-08 11:45:08', '2024-01-08 11:45:12', NULL),
(59, 'user4', 'user412@gmail.com', '+91', '987520789654', NULL, 1, 'G7BGE0B9KC7HFCFB5D2DC3C26B87.png', '8337', 'mohali', NULL, NULL, 0, 1, NULL, NULL, NULL, 1, '0', 0, '2024-01-08 12:39:54', '2024-01-08 12:39:54', NULL),
(60, 'user4', 'user4123@gmail.com', '+91', '98752078965', NULL, 1, 'B861F3KF497EGC0G7GJ8D471CF52.png', '2477', 'mohali', NULL, NULL, 0, 1, NULL, NULL, NULL, 1, '0', 0, '2024-01-08 12:53:26', '2024-01-08 12:53:26', NULL),
(61, 'Chahal', 'chahal@gmail.com', '+1', '986462949595', NULL, 1, 'FGDED6KBD7F2B5B864H7D8KC3J75.jpg', NULL, 'Mohali, Punjab, India', NULL, NULL, 1, 1, NULL, NULL, NULL, 1, '0', 0, '2024-01-08 12:55:55', '2024-01-08 12:56:22', NULL),
(62, 'vicky', 'vicky@gmail.com', '+1', '978876767949', NULL, 1, '0DHKJ1FD01B18B2K4643J0829FDC.jpg', NULL, 'Mohali 7 Phase, Sector 61, Sahibzada Ajit Singh Nagar, Punjab, India', NULL, NULL, 1, 1, NULL, NULL, NULL, 1, '0', 0, '2024-01-09 05:10:12', '2024-01-09 05:10:15', NULL),
(63, 'aditi', 'aditi@gmail.com', '+1', '978766454648', NULL, 1, '3H6D83H4FJK4GEB217171J8B390J.jpg', NULL, 'Mohali 7 Phase, Sector 61, Sahibzada Ajit Singh Nagar, Punjab, India', NULL, NULL, 1, 1, 'c1NZTIPuS4Oavb2RzvXX0d:APA91bFvYfq736GMHUCb5YgowzIFLZSsq610RnUoKdvhBCqlEjKVef8KH3qD01AaPPXLw7Ssqp6Gf8R7w_l68-yFGgGoPYJ9Bu3Y3qWAHFOr2Q0DD0XL5F22GSJYdAfRvEiiAvTriDQp', 1, NULL, 1, '0', 0, '2024-01-09 11:47:44', '2024-01-09 11:47:48', NULL),
(64, 'Rohan sharma', 'rohan@gmail.com', '+1', '9517722712', NULL, 1, 'F6K7HJ5B62D1F50CE0C5JEF376EC.jpg', NULL, 'Mohali, Punjab, India', NULL, NULL, 1, 1, '', 1, NULL, 1, '0', 0, '2024-01-09 12:21:28', '2024-01-09 12:25:05', NULL),
(65, 'Rohan sharma', 'sdsd@gg.com', '+1', '12345678909', NULL, 1, '9HGC9CGB56GH4C5H35F027H9GK0J.jpg', '8988', 'Fgura, Malta', NULL, NULL, 0, 1, 'dXKDRYtxQQyd2o0uNkTdUJ:APA91bEMCCT-4dHrpjRIdMzyGmJD9YFcAth9xSiLcgzdW_17rD2xHX8QwBy0PzkxqVHyipUnE20jKKFTbrFeqKlojOgmJwdL2XDkuq-2h8HjmK9FDNckbTJXkjnAI6c1QqfIU6MbUHG7', 1, NULL, 1, '0', 0, '2024-01-09 12:26:59', '2024-01-09 12:26:59', NULL),
(66, 'Rohan Sharma', 'dfdf@gg.com', '+1', '545545545454', NULL, 1, 'J3215J3BKB42JHD1H5848KF74HB3.jpg', NULL, 'Fgura, Malta', NULL, NULL, 1, 1, '', 1, NULL, 1, '0', 0, '2024-01-09 12:28:17', '2024-01-09 12:50:45', NULL),
(67, 'Vaamika', 'vaamika@gmail.com', '+1', '876767664646', NULL, 1, '269EK907BJCF2735J83G71CJ9FGE.jpg', NULL, 'Mohali 7 Phase, Sector 61, Sahibzada Ajit Singh Nagar, Punjab, India', NULL, NULL, 1, 1, 'coK_nW0KRGa01L85s_guwn:APA91bE9_i5lLYBEFFfGwwk712_YWBYnmxcfX7q6z8Ny14GjrZxqnEIVYsBHy833npNbNmLH4g0GS5scC1MYQ2k-vT-l8EOe7g1q_drEFxyVdDQM1l0vwRn_1r8Pyb7eEKVxQ3L-swPt', 1, NULL, 1, '0', 0, '2024-01-09 13:14:58', '2024-01-09 13:15:03', NULL),
(68, 'Dazzle', 'dazzle@gmail.com', '+1', '964664646466', NULL, 1, 'K6DHCD7J03251G910DCJ9G2G17EG.jpg', NULL, 'Mohali, Punjab, India', NULL, NULL, 1, 1, 'cFBauQ0mQFmZQAIp5pB9gi:APA91bEICxdqAuJ29z5skA2OCHKvzr9m-dZSI-sH1EHK4TF6_MKlLFEyqKkyVHcNqsKawn9ZQUWSkN6agmbduE8n849SwWO0AK4Q1yeQ-N5qmehQmwiJ5yPN9GNPCaOvEs7UWqc3ULKW', 1, NULL, 1, '0', 0, '2024-01-09 13:43:19', '2024-01-09 13:43:23', NULL),
(69, 'Ram', 'ram@gmail.com', '+1', '876766464649', NULL, 1, 'BJ4J2B9D56KFK2175FH0CF238B3J.jpg', NULL, 'Mohali 7 Phase, Sector 61, Sahibzada Ajit Singh Nagar, Punjab, India', NULL, NULL, 1, 1, '', 1, NULL, 1, '0', 0, '2024-01-09 13:58:32', '2024-01-10 07:31:25', NULL);

--
-- Indexes for dumped tables
--

--
-- Indexes for table `admin_timing`
--
ALTER TABLE `admin_timing`
  ADD PRIMARY KEY (`id`);

--
-- Indexes for table `cards`
--
ALTER TABLE `cards`
  ADD PRIMARY KEY (`id`);

--
-- Indexes for table `chats`
--
ALTER TABLE `chats`
  ADD PRIMARY KEY (`id`);

--
-- Indexes for table `chat_constant`
--
ALTER TABLE `chat_constant`
  ADD PRIMARY KEY (`id`);

--
-- Indexes for table `cms`
--
ALTER TABLE `cms`
  ADD PRIMARY KEY (`id`);

--
-- Indexes for table `contact_us`
--
ALTER TABLE `contact_us`
  ADD PRIMARY KEY (`id`);

--
-- Indexes for table `notifications`
--
ALTER TABLE `notifications`
  ADD PRIMARY KEY (`id`);

--
-- Indexes for table `properties`
--
ALTER TABLE `properties`
  ADD PRIMARY KEY (`id`);

--
-- Indexes for table `property_images`
--
ALTER TABLE `property_images`
  ADD PRIMARY KEY (`id`);

--
-- Indexes for table `requested_services`
--
ALTER TABLE `requested_services`
  ADD PRIMARY KEY (`id`);

--
-- Indexes for table `requests`
--
ALTER TABLE `requests`
  ADD PRIMARY KEY (`id`);

--
-- Indexes for table `reviews`
--
ALTER TABLE `reviews`
  ADD PRIMARY KEY (`id`);

--
-- Indexes for table `services`
--
ALTER TABLE `services`
  ADD PRIMARY KEY (`id`);

--
-- Indexes for table `socket_user`
--
ALTER TABLE `socket_user`
  ADD PRIMARY KEY (`id`);

--
-- Indexes for table `users`
--
ALTER TABLE `users`
  ADD PRIMARY KEY (`id`),
  ADD UNIQUE KEY `email` (`email`);

--
-- AUTO_INCREMENT for dumped tables
--

--
-- AUTO_INCREMENT for table `admin_timing`
--
ALTER TABLE `admin_timing`
  MODIFY `id` int(11) NOT NULL AUTO_INCREMENT, AUTO_INCREMENT=2;
--
-- AUTO_INCREMENT for table `cards`
--
ALTER TABLE `cards`
  MODIFY `id` int(11) NOT NULL AUTO_INCREMENT, AUTO_INCREMENT=39;
--
-- AUTO_INCREMENT for table `chats`
--
ALTER TABLE `chats`
  MODIFY `id` int(11) NOT NULL AUTO_INCREMENT, AUTO_INCREMENT=279;
--
-- AUTO_INCREMENT for table `chat_constant`
--
ALTER TABLE `chat_constant`
  MODIFY `id` int(11) NOT NULL AUTO_INCREMENT, AUTO_INCREMENT=25;
--
-- AUTO_INCREMENT for table `cms`
--
ALTER TABLE `cms`
  MODIFY `id` int(11) NOT NULL AUTO_INCREMENT, AUTO_INCREMENT=4;
--
-- AUTO_INCREMENT for table `contact_us`
--
ALTER TABLE `contact_us`
  MODIFY `id` int(11) NOT NULL AUTO_INCREMENT, AUTO_INCREMENT=28;
--
-- AUTO_INCREMENT for table `notifications`
--
ALTER TABLE `notifications`
  MODIFY `id` int(11) NOT NULL AUTO_INCREMENT, AUTO_INCREMENT=246;
--
-- AUTO_INCREMENT for table `properties`
--
ALTER TABLE `properties`
  MODIFY `id` int(11) NOT NULL AUTO_INCREMENT, AUTO_INCREMENT=92;
--
-- AUTO_INCREMENT for table `property_images`
--
ALTER TABLE `property_images`
  MODIFY `id` int(11) NOT NULL AUTO_INCREMENT, AUTO_INCREMENT=293;
--
-- AUTO_INCREMENT for table `requested_services`
--
ALTER TABLE `requested_services`
  MODIFY `id` int(11) NOT NULL AUTO_INCREMENT, AUTO_INCREMENT=173;
--
-- AUTO_INCREMENT for table `requests`
--
ALTER TABLE `requests`
  MODIFY `id` int(11) NOT NULL AUTO_INCREMENT, AUTO_INCREMENT=98;
--
-- AUTO_INCREMENT for table `reviews`
--
ALTER TABLE `reviews`
  MODIFY `id` int(11) NOT NULL AUTO_INCREMENT, AUTO_INCREMENT=37;
--
-- AUTO_INCREMENT for table `services`
--
ALTER TABLE `services`
  MODIFY `id` int(11) NOT NULL AUTO_INCREMENT, AUTO_INCREMENT=15;
--
-- AUTO_INCREMENT for table `socket_user`
--
ALTER TABLE `socket_user`
  MODIFY `id` int(11) NOT NULL AUTO_INCREMENT, AUTO_INCREMENT=32;
--
-- AUTO_INCREMENT for table `users`
--
ALTER TABLE `users`
  MODIFY `id` int(11) NOT NULL AUTO_INCREMENT, AUTO_INCREMENT=70;
/*!40101 SET CHARACTER_SET_CLIENT=@OLD_CHARACTER_SET_CLIENT */;
/*!40101 SET CHARACTER_SET_RESULTS=@OLD_CHARACTER_SET_RESULTS */;
/*!40101 SET COLLATION_CONNECTION=@OLD_COLLATION_CONNECTION */;
